{"stats":{"minecraft:crafted":{"minecraft:brick":64,"minecraft:oak_planks":80,"minecraft:smooth_stone":12,"minecraft:cobblestone_slab":6,"minecraft:barrel":14,"minecraft:cut_sandstone":120,"minecraft:stone":38,"minecraft:bookshelf":12,"minecraft:cooked_mutton":24,"minecraft:spruce_pressure_plate":1,"minecraft:warped_planks":76,"minecraft:dark_oak_door":12,"minecraft:bow":1,"minecraft:diamond_helmet":2,"minecraft:diamond_leggings":2,"minecraft:iron_boots":2,"minecraft:chest":22,"minecraft:flower_pot":6,"minecraft:golden_boots":1,"minecraft:smoker":4,"minecraft:warped_stairs":4,"minecraft:item_frame":5,"minecraft:emerald":300,"minecraft:cauldron":1,"minecraft:diamond_axe":1,"minecraft:crafting_table":7,"minecraft:spruce_planks":2520,"minecraft:iron_helmet":2,"minecraft:spruce_door":3,"minecraft:birch_pressure_plate":2,"minecraft:smithing_table":1,"minecraft:birch_planks":20,"minecraft:brewing_stand":1,"minecraft:campfire":2,"minecraft:painting":3,"minecraft:spruce_trapdoor":46,"minecraft:dark_oak_slab":156,"minecraft:diamond_pickaxe":1,"minecraft:iron_chestplate":2,"minecraft:wooden_hoe":2,"minecraft:paper":18,"minecraft:golden_leggings":1,"minecraft:shield":2,"minecraft:warped_slab":12,"minecraft:stick":8580,"minecraft:stone_slab":6,"minecraft:iron_ingot":110,"minecraft:iron_pickaxe":5,"toms_storage:crafting_terminal":1,"minecraft:gold_ingot":13,"minecraft:sandstone":211,"minecraft:dark_oak_fence_gate":1,"minecraft:sandstone_stairs":8,"minecraft:cherry_planks":36,"minecraft:stone_shovel":6,"minecraft:smooth_stone_slab":6,"minecraft:golden_chestplate":1,"minecraft:iron_nugget":90,"minecraft:furnace":13,"minecraft:blast_furnace":1,"minecraft:dark_oak_trapdoor":12,"minecraft:dark_oak_sign":6,"minecraft:bone_meal":9,"minecraft:oak_trapdoor":6,"minecraft:lantern":10,"minecraft:dark_oak_fence":36,"minecraft:iron_axe":3,"minecraft:spruce_slab":24,"minecraft:stone_pickaxe":10,"minecraft:diamond_boots":2,"minecraft:netherite_scrap":15,"minecraft:dark_oak_planks":2808,"minecraft:golden_helmet":1,"minecraft:cooked_beef":9,"toms_storage:storage_terminal":1,"minecraft:diamond_sword":2,"minecraft:dark_oak_stairs":16,"minecraft:iron_sword":3,"minecraft:red_bed":1,"minecraft:cooked_salmon":3,"minecraft:sandstone_slab":6,"minecraft:bucket":7,"minecraft:enchanted_book":8,"minecraft:air":0,"minecraft:iron_shovel":6,"minecraft:iron_leggings":1,"minecraft:stonecutter":1,"minecraft:armor_stand":2,"minecraft:torch":164,"minecraft:diamond_chestplate":2},"minecraft:killed_by":{"minecraft:zombified_piglin":1,"minecraft:creeper":3,"minecraft:zombie":15,"minecraft:spider":1,"minecraft:enderman":1,"minecraft:skeleton":8},"minecraft:broken":{"minecraft:iron_shovel":4,"minecraft:stone_pickaxe":2,"minecraft:stone_shovel":4,"minecraft:iron_pickaxe":4},"minecraft:dropped":{"minecraft:clay":1,"minecraft:iron_sword":3,"minecraft:dark_oak_slab":1,"additional_lights:fire_for_standing_torch_s":2,"minecraft:iron_pickaxe":2,"minecraft:gravel":2,"minecraft:sugar_cane":64,"minecraft:golden_chestplate":1,"minecraft:cobbled_deepslate":13,"minecraft:rotten_flesh":8,"minecraft:leather_boots":1,"minecraft:chest":2,"minecraft:arrow":16,"minecraft:netherrack":675,"minecraft:iron_ingot":15,"minecraft:wheat_seeds":196,"minecraft:golden_helmet":1,"minecraft:stick":14,"minecraft:ink_sac":2,"minecraft:iron_axe":3,"minecraft:spruce_sapling":31,"toms_storage:inventory_cable_framed":5,"minecraft:raw_copper":13,"minecraft:tuff":2,"minecraft:stone_shovel":1,"minecraft:iron_boots":3,"minecraft:big_dripleaf":8,"minecraft:shield":1,"minecraft:iron_chestplate":4,"minecraft:golden_leggings":2,"minecraft:spider_eye":5,"minecraft:spruce_log":1,"minecraft:bow":4,"minecraft:stone_pickaxe":4},"minecraft:mined":{"minecraft:dark_oak_planks":100,"minecraft:spruce_planks":1,"minecraft:white_bed":4,"minecraft:cherry_log":46,"minecraft:spruce_trapdoor":6,"minecraft:cave_vines_plant":31,"minecraft:granite":8,"minecraft:grass_block":195,"minecraft:deepslate_bricks":1,"minecraft:oxeye_daisy":22,"minecraft:tall_seagrass":1,"minecraft:dark_oak_trapdoor":12,"minecraft:iron_ore":7,"minecraft:barrel":1,"minecraft:pumpkin":3,"minecraft:moss_carpet":19,"minecraft:deepslate_lapis_ore":1,"minecraft:dark_oak_stairs":3,"minecraft:pointed_dripstone":5,"minecraft:cave_vines":86,"minecraft:dirt_path":4,"minecraft:spruce_pressure_plate":3,"minecraft:pink_tulip":7,"minecraft:azalea":6,"minecraft:spruce_slab":2,"minecraft:sandstone_slab":1,"minecraft:cut_sandstone":42,"minecraft:blackstone":66,"minecraft:clay":69,"minecraft:torch":13,"minecraft:chest":10,"minecraft:nether_quartz_ore":8,"minecraft:cobblestone":37,"minecraft:sugar_cane":124,"minecraft:wall_torch":8,"minecraft:deepslate_copper_ore":11,"minecraft:seagrass":4,"minecraft:dark_oak_slab":31,"minecraft:wheat":115,"minecraft:black_bed":2,"minecraft:oak_log":6,"minecraft:beetroots":6,"minecraft:dark_oak_sapling":2,"minecraft:sand":966,"minecraft:dirt":423,"minecraft:netherrack":7954,"minecraft:oak_leaves":1,"minecraft:deepslate":314,"minecraft:nether_gold_ore":1,"minecraft:tuff":13,"minecraft:mossy_cobblestone":21,"minecraft:cherry_sapling":26,"minecraft:glow_lichen":1,"minecraft:dark_oak_fence":6,"minecraft:spruce_leaves":47,"minecraft:moss_block":56,"minecraft:pink_wool":1,"minecraft:sandstone":26,"minecraft:rooted_dirt":2,"minecraft:spore_blossom":9,"minecraft:oak_trapdoor":2,"minecraft:spruce_sapling":33,"minecraft:furnace":8,"minecraft:carrots":82,"minecraft:nether_sprouts":1,"minecraft:dark_oak_fence_gate":2,"minecraft:andesite":46,"minecraft:big_dripleaf_stem":7,"minecraft:bookshelf":1,"minecraft:potatoes":92,"minecraft:deepslate_iron_ore":2,"minecraft:vine":8,"minecraft:lantern":1,"minecraft:warped_stem":22,"minecraft:stone":976,"minecraft:podzol":12,"minecraft:flowering_azalea":70,"minecraft:cherry_planks":1,"minecraft:hanging_roots":4,"minecraft:stripped_dark_oak_log":10,"minecraft:basalt":18,"minecraft:crafting_table":10,"minecraft:short_grass":97,"minecraft:tall_grass":23,"minecraft:copper_ore":10,"minecraft:deepslate_gold_ore":26,"minecraft:lapis_ore":5,"minecraft:diorite":13,"minecraft:big_dripleaf":11,"minecraft:coarse_dirt":6,"additional_lights:fire_for_standing_torch_s":8,"minecraft:sweet_berry_bush":17,"minecraft:spruce_log":49,"minecraft:coal_ore":152,"minecraft:cherry_leaves":53,"minecraft:gravel":124,"minecraft:flower_pot":1,"minecraft:dripstone_block":10,"minecraft:small_dripleaf":17,"minecraft:fern":12},"minecraft:used":{"minecraft:moss_block":7,"minecraft:moss_carpet":26,"minecraft:cherry_sapling":23,"minecraft:purple_candle":1,"minecraft:iron_shovel":1081,"minecraft:spruce_slab":2,"minecraft:shield":26,"minecraft:chest":37,"minecraft:iron_sword":215,"minecraft:birch_pressure_plate":2,"minecraft:carrot":99,"minecraft:axolotl_bucket":3,"minecraft:big_dripleaf":2,"minecraft:lantern":12,"minecraft:iron_helmet":1,"minecraft:dark_oak_slab":89,"minecraft:pink_wool":1,"minecraft:item_frame":5,"minecraft:warped_fungus":2,"minecraft:oak_sapling":1,"minecraft:furnace":11,"minecraft:beetroot_seeds":6,"minecraft:egg":14,"minecraft:potato":99,"minecraft:dark_oak_stairs":19,"minecraft:spruce_door":4,"minecraft:stone_pickaxe":391,"minecraft:dark_oak_sign":3,"minecraft:oak_planks":64,"minecraft:sandstone":98,"minecraft:diamond_axe":129,"minecraft:glow_berries":44,"minecraft:dark_oak_trapdoor":16,"minecraft:sand":8,"minecraft:blast_furnace":1,"minecraft:black_bed":1,"minecraft:warped_slab":1,"minecraft:spore_blossom":9,"minecraft:gravel":5,"minecraft:diamond_sword":112,"minecraft:dark_oak_fence":40,"minecraft:smithing_table":1,"toms_storage:crafting_terminal":1,"minecraft:andesite":3,"minecraft:tropical_fish_bucket":1,"minecraft:bone_meal":77,"minecraft:azalea":2,"minecraft:oak_trapdoor":6,"minecraft:armor_stand":4,"minecraft:stone_shovel":613,"minecraft:spruce_planks":20,"minecraft:netherrack":91,"minecraft:torch":175,"minecraft:brewing_stand":1,"minecraft:dirt":303,"minecraft:dark_oak_planks":275,"minecraft:flowering_azalea":10,"minecraft:bookshelf":12,"minecraft:iron_axe":504,"minecraft:iron_boots":1,"minecraft:barrel":15,"minecraft:warped_stairs":4,"minecraft:cooked_beef":8,"minecraft:pumpkin":4,"minecraft:cherry_log":7,"minecraft:wheat_seeds":120,"minecraft:cooked_mutton":16,"minecraft:water_bucket":27,"minecraft:pink_tulip":2,"minecraft:sandstone_stairs":8,"minecraft:baked_potato":55,"minecraft:cherry_planks":1,"minecraft:cut_sandstone":157,"toms_storage:inventory_connector":1,"minecraft:cauldron":1,"minecraft:stonecutter":1,"minecraft:deepslate_bricks":99,"minecraft:warped_roots":2,"minecraft:mossy_cobblestone":6,"minecraft:stripped_dark_oak_log":141,"minecraft:crafting_table":17,"minecraft:red_bed":1,"minecraft:white_bed":6,"minecraft:campfire":2,"minecraft:dark_oak_fence_gate":2,"minecraft:painting":5,"minecraft:warped_planks":8,"minecraft:dark_oak_door":10,"minecraft:smoker":3,"minecraft:wooden_hoe":80,"minecraft:flower_pot":7,"minecraft:diamond_pickaxe":8319,"minecraft:oxeye_daisy":4,"minecraft:iron_pickaxe":1233,"minecraft:spruce_pressure_plate":3,"minecraft:spruce_trapdoor":48,"minecraft:spruce_sapling":13,"minecraft:crimson_fungus":2,"minecraft:cobblestone":84,"additional_lights:fire_for_standing_torch_s":13,"minecraft:bucket":32,"minecraft:sandstone_slab":4,"minecraft:diamond_leggings":1},"minecraft:killed":{"minecraft:zombified_piglin":3,"minecraft:spider":3,"minecraft:cod":1,"minecraft:skeleton":164,"minecraft:tropical_fish":1,"minecraft:piglin":2,"minecraft:salmon":4,"minecraft:sheep":7,"minecraft:zombie":20,"minecraft:glow_squid":1,"minecraft:cow":6,"minecraft:slime":1,"minecraft:drowned":1,"minecraft:squid":1},"minecraft:custom":{"minecraft:animals_bred":11,"minecraft:interact_with_crafting_table":201,"minecraft:open_barrel":41,"minecraft:leave_game":19,"minecraft:time_since_death":28572,"minecraft:sprint_one_cm":899386,"minecraft:damage_blocked_by_shield":2298,"minecraft:drop":77,"minecraft:talked_to_villager":165,"minecraft:play_time":1031867,"minecraft:deaths":39,"minecraft:jump":6418,"minecraft:interact_with_brewingstand":2,"minecraft:walk_on_water_one_cm":263609,"minecraft:interact_with_furnace":64,"minecraft:traded_with_villager":320,"minecraft:sleep_in_bed":24,"minecraft:damage_dealt":10322,"minecraft:crouch_one_cm":27952,"minecraft:interact_with_smoker":10,"minecraft:interact_with_smithing_table":4,"minecraft:interact_with_anvil":12,"minecraft:mob_kills":219,"minecraft:fill_cauldron":1,"minecraft:climb_one_cm":5530,"minecraft:walk_one_cm":3302244,"minecraft:sneak_time":19272,"minecraft:walk_under_water_one_cm":258009,"minecraft:boat_one_cm":370629,"minecraft:interact_with_blast_furnace":10,"minecraft:total_world_time":1031867,"minecraft:pot_flower":5,"minecraft:interact_with_stonecutter":5,"minecraft:time_since_rest":28621,"minecraft:damage_taken":15036,"minecraft:swim_one_cm":246009,"minecraft:fly_one_cm":417521,"minecraft:open_chest":520,"minecraft:fall_one_cm":144527},"minecraft:picked_up":{"minecraft:iron_chestplate":4,"minecraft:wheat":114,"minecraft:flower_pot":1,"minecraft:diamond_sword":2,"minecraft:golden_sword":1,"minecraft:dark_oak_trapdoor":12,"minecraft:raw_copper":450,"minecraft:iron_leggings":1,"minecraft:armor_stand":2,"minecraft:beetroot":6,"minecraft:diamond_leggings":1,"minecraft:gold_nugget":482,"minecraft:cobbled_deepslate":319,"minecraft:comparator":2,"minecraft:bucket":4,"minecraft:azalea":24,"minecraft:iron_pickaxe":11,"minecraft:iron_boots":2,"minecraft:furnace":12,"minecraft:dark_oak_door":2,"minecraft:golden_helmet":1,"minecraft:spruce_pressure_plate":4,"minecraft:stick":377,"minecraft:big_dripleaf":84,"minecraft:torch":352,"minecraft:cherry_log":48,"minecraft:pointed_dripstone":21,"minecraft:diorite":12,"toms_storage:inventory_connector":1,"minecraft:golden_chestplate":2,"minecraft:rotten_flesh":53,"minecraft:tropical_fish":29,"minecraft:cod":1,"minecraft:cobblestone":1151,"minecraft:cooked_beef":1,"minecraft:cherry_planks":1,"minecraft:water_bucket":4,"minecraft:andesite":36,"minecraft:black_bed":1,"minecraft:golden_leggings":2,"minecraft:potato":330,"minecraft:flint":18,"additional_lights:fire_for_standing_torch_s":11,"minecraft:tuff":15,"minecraft:lantern":2,"minecraft:lapis_lazuli":172,"minecraft:dirt":758,"minecraft:leather_boots":1,"minecraft:glass":1,"minecraft:bone":261,"minecraft:bow":11,"minecraft:wheat_seeds":337,"minecraft:raw_gold":47,"minecraft:diamond_helmet":1,"minecraft:glowstone_dust":5,"minecraft:moss_block":117,"minecraft:axolotl_bucket":14,"minecraft:poisonous_potato":4,"minecraft:sand":947,"minecraft:ink_sac":8,"minecraft:dark_oak_log":1322,"minecraft:barrel":1,"minecraft:mossy_cobblestone":37,"minecraft:clay":1,"minecraft:diamond":19,"minecraft:granite":7,"minecraft:emerald":43,"minecraft:rooted_dirt":1,"minecraft:oak_sapling":3,"minecraft:netherrack":2808,"minecraft:dark_oak_fence":7,"minecraft:diamond_pickaxe":2,"minecraft:crafting_table":19,"minecraft:sandstone_slab":4,"minecraft:clay_ball":494,"minecraft:leather_leggings":1,"minecraft:pink_wool":5,"minecraft:shield":2,"minecraft:oak_trapdoor":2,"minecraft:moss_carpet":71,"minecraft:iron_axe":10,"minecraft:netherite_scrap":2,"minecraft:iron_shovel":7,"minecraft:blackstone":89,"minecraft:beef":9,"minecraft:spruce_slab":2,"minecraft:chest":23,"minecraft:sugar_cane":168,"minecraft:spruce_trapdoor":6,"minecraft:egg":43,"minecraft:dark_oak_sapling":2,"minecraft:raw_iron":119,"minecraft:sandstone":34,"minecraft:carrot":351,"minecraft:redstone":247,"minecraft:dark_oak_planks":1097,"toms_storage:inventory_cable_framed":5,"minecraft:stone_shovel":6,"minecraft:arrow":317,"minecraft:diamond_chestplate":2,"minecraft:beetroot_seeds":15,"minecraft:deepslate_bricks":3175,"minecraft:diamond_boots":2,"minecraft:pink_tulip":6,"minecraft:glow_berries":64,"minecraft:mutton":8,"minecraft:oxeye_daisy":53,"minecraft:glow_ink_sac":38,"minecraft:salmon":3,"minecraft:cut_sandstone":65,"minecraft:leather":5,"minecraft:oak_log":6,"minecraft:ancient_debris":21,"minecraft:wooden_hoe":1,"minecraft:warped_stem":19,"minecraft:spore_blossom":14,"minecraft:iron_ingot":63,"minecraft:stone_pickaxe":20,"minecraft:iron_sword":13,"minecraft:flowering_azalea":149,"minecraft:dark_oak_stairs":15,"minecraft:book":6,"minecraft:dark_oak_slab":58,"minecraft:pumpkin":3,"minecraft:sweet_berries":43,"minecraft:red_wool":3,"minecraft:quartz":655,"minecraft:dripstone_block":10,"minecraft:gravel":105,"minecraft:spruce_sapling":113,"minecraft:white_bed":6,"minecraft:spruce_log":382,"minecraft:dark_oak_fence_gate":3,"minecraft:spruce_door":2,"minecraft:spider_eye":5,"minecraft:slime_ball":36,"minecraft:iron_helmet":2,"minecraft:diamond_axe":1,"minecraft:painting":2,"minecraft:cherry_sapling":47,"minecraft:baked_potato":96,"minecraft:stripped_dark_oak_log":8,"minecraft:coal":1071}},"DataVersion":3953}