{"stats":{"minecraft:broken":{"minecraft:diamond_pickaxe":2,"minecraft:iron_axe":10,"minecraft:iron_pickaxe":9,"minecraft:iron_helmet":1,"minecraft:wooden_hoe":1,"minecraft:iron_shovel":5,"minecraft:stone_pickaxe":4,"minecraft:stone_axe":10,"minecraft:wooden_axe":5,"minecraft:stone_shovel":5,"minecraft:golden_axe":1},"minecraft:custom":{"minecraft:interact_with_crafting_table":372,"minecraft:open_barrel":5,"minecraft:bell_ring":28,"minecraft:leave_game":74,"minecraft:time_since_death":100308,"minecraft:damage_blocked_by_shield":2430,"minecraft:play_time":2609328,"minecraft:deaths":44,"minecraft:jump":35717,"minecraft:enchant_item":4,"minecraft:interact_with_furnace":332,"minecraft:traded_with_villager":623,"minecraft:sleep_in_bed":63,"minecraft:damage_dealt":30415,"minecraft:interact_with_smoker":81,"minecraft:use_cauldron":6,"minecraft:horse_one_cm":412596,"minecraft:interact_with_smithing_table":8,"minecraft:interact_with_anvil":38,"minecraft:inspect_hopper":85,"minecraft:sneak_time":109046,"minecraft:interact_with_blast_furnace":26,"minecraft:total_world_time":2609328,"minecraft:interact_with_stonecutter":34,"minecraft:time_since_rest":17499,"minecraft:swim_one_cm":706848,"minecraft:fly_one_cm":6953154,"minecraft:open_chest":1280,"minecraft:fall_one_cm":1087442,"minecraft:animals_bred":12,"minecraft:damage_resisted":4,"minecraft:sprint_one_cm":5749731,"minecraft:drop":603,"minecraft:talked_to_villager":638,"minecraft:interact_with_brewingstand":12,"minecraft:walk_on_water_one_cm":173682,"minecraft:crouch_one_cm":221142,"minecraft:mob_kills":1101,"minecraft:fill_cauldron":1,"minecraft:climb_one_cm":217056,"minecraft:walk_one_cm":8189703,"minecraft:walk_under_water_one_cm":665772,"minecraft:boat_one_cm":502684,"minecraft:interact_with_grindstone":8,"minecraft:damage_taken":38365,"minecraft:damage_absorbed":80,"minecraft:minecart_one_cm":50},"minecraft:crafted":{"minecraft:black_dye":9,"minecraft:smooth_stone":13,"minecraft:blaze_powder":2,"minecraft:chain":14,"minecraft:diamond_shovel":1,"minecraft:bookshelf":25,"minecraft:glass":99,"minecraft:diamond_helmet":2,"minecraft:diamond_leggings":2,"minecraft:golden_axe":5,"minecraft:glass_bottle":3,"minecraft:deepslate":72,"minecraft:emerald":586,"minecraft:cooked_porkchop":26,"minecraft:diamond_axe":1,"minecraft:spruce_door":3,"minecraft:smithing_table":1,"minecraft:fletching_table":3,"minecraft:campfire":19,"minecraft:stone_brick_stairs":10,"minecraft:lectern":16,"minecraft:wooden_hoe":2,"minecraft:golden_leggings":1,"minecraft:stone_slab":6,"minecraft:iron_pickaxe":12,"minecraft:iron_block":6,"minecraft:gold_ingot":143,"minecraft:netherite_ingot":7,"minecraft:composter":5,"sawmill:sawmill":1,"minecraft:stone_shovel":6,"minecraft:smooth_stone_slab":12,"minecraft:iron_nugget":360,"minecraft:bone_meal":1971,"minecraft:white_carpet":12,"minecraft:lantern":21,"minecraft:spruce_stairs":62,"minecraft:ladder":162,"minecraft:spruce_slab":228,"minecraft:stone_pickaxe":9,"minecraft:diamond_boots":2,"minecraft:spruce_boat":3,"minecraft:dark_oak_planks":16,"minecraft:wheat":18,"minecraft:coal_block":95,"minecraft:red_bed":2,"minecraft:enchanted_book":28,"minecraft:golden_apple":10,"minecraft:fermented_spider_eye":1,"minecraft:wooden_axe":10,"minecraft:black_stained_glass_pane":128,"minecraft:iron_shovel":7,"minecraft:iron_leggings":2,"minecraft:armor_stand":1,"minecraft:white_bed":3,"minecraft:grindstone":1,"minecraft:oak_planks":1764,"minecraft:lightning_rod":1,"minecraft:stone":184,"minecraft:warped_planks":12,"minecraft:dark_oak_door":3,"minecraft:hopper":7,"minecraft:iron_boots":2,"minecraft:chest":44,"minecraft:netherite_upgrade_smithing_template":8,"minecraft:rail":16,"minecraft:stone_hoe":1,"minecraft:oak_fence":6,"minecraft:stone_bricks":8,"minecraft:smoker":4,"minecraft:oak_slab":42,"minecraft:crafting_table":26,"minecraft:spruce_planks":8412,"minecraft:iron_helmet":2,"minecraft:wooden_pickaxe":2,"minecraft:baked_potato":576,"additional_lights:fire_pit_l_stone_bricks":4,"minecraft:spruce_trapdoor":148,"minecraft:diamond_pickaxe":4,"minecraft:book":4,"minecraft:iron_chestplate":3,"minecraft:paper":12,"minecraft:charcoal":7,"minecraft:shield":2,"minecraft:stick":13778,"minecraft:iron_ingot":345,"minecraft:shears":2,"minecraft:deepslate_tile_slab":42,"minecraft:oak_door":3,"minecraft:coal":9,"minecraft:furnace":11,"minecraft:blast_furnace":2,"minecraft:dark_oak_trapdoor":2,"minecraft:glass_pane":64,"minecraft:oak_trapdoor":4,"minecraft:flint_and_steel":1,"minecraft:netherite_chestplate":1,"minecraft:iron_axe":9,"minecraft:netherite_scrap":32,"minecraft:minecart":3,"minecraft:sugar":1,"minecraft:red_dye":4,"minecraft:diamond_sword":2,"minecraft:spruce_sign":15,"minecraft:iron_sword":1,"minecraft:cooked_salmon":5,"minecraft:bucket":3,"minecraft:stone_axe":11,"minecraft:air":0,"minecraft:bread":27,"minecraft:black_stained_glass":72,"minecraft:oak_boat":4,"minecraft:stonecutter":1,"minecraft:anvil":2,"minecraft:torch":1232,"minecraft:diamond_chestplate":1},"minecraft:used":{"minecraft:spruce_slab":189,"minecraft:ladder":148,"minecraft:black_carpet":1,"minecraft:chest":91,"minecraft:rotten_flesh":30,"minecraft:stripped_spruce_log":1109,"minecraft:spruce_boat":7,"minecraft:lava_bucket":5,"minecraft:black_stained_glass_pane":114,"minecraft:grass_block":1,"minecraft:birch_sapling":3,"minecraft:stone_brick_stairs":11,"minecraft:bow":45,"minecraft:sweet_berries":61,"minecraft:oak_sapling":123,"minecraft:furnace":25,"minecraft:cooked_cod":1,"minecraft:egg":7,"minecraft:potato":1289,"minecraft:spruce_door":2,"minecraft:blackstone":2,"minecraft:wooden_pickaxe":19,"minecraft:composter":14,"minecraft:golden_apple":4,"minecraft:dark_oak_trapdoor":2,"minecraft:sand":2,"minecraft:blast_furnace":2,"minecraft:netherite_helmet":1,"minecraft:lightning_rod":4,"minecraft:lectern":298,"minecraft:polished_granite":17,"minecraft:diamond_sword":556,"minecraft:smithing_table":1,"minecraft:poisonous_potato":7,"minecraft:oak_boat":4,"minecraft:oak_trapdoor":4,"minecraft:stone_sword":1,"minecraft:armor_stand":1,"minecraft:cooked_salmon":5,"minecraft:netherrack":144,"minecraft:torch":1372,"minecraft:anvil":2,"minecraft:brewing_stand":4,"minecraft:warped_wart_block":2,"minecraft:ancient_debris":4,"minecraft:iron_axe":955,"minecraft:diamond_chestplate":1,"minecraft:cobbled_deepslate":275,"minecraft:golden_axe":30,"minecraft:wheat_seeds":34,"minecraft:water_bucket":37,"minecraft:cauldron":3,"minecraft:fletching_table":4,"minecraft:polished_deepslate_slab":117,"minecraft:rail":198,"minecraft:crafting_table":32,"minecraft:oak_slab":12,"minecraft:red_bed":6,"minecraft:white_bed":10,"minecraft:campfire":19,"minecraft:spruce_log":50,"minecraft:deepslate_tile_wall":32,"minecraft:oak_log":499,"minecraft:diamond_pickaxe":19035,"minecraft:oxeye_daisy":1,"minecraft:diamond_shovel":9,"minecraft:iron_pickaxe":2278,"minecraft:spruce_trapdoor":151,"minecraft:spruce_sapling":180,"minecraft:cobblestone":225,"additional_lights:fire_for_standing_torch_s":2,"minecraft:cooked_porkchop":5,"minecraft:glass_pane":62,"minecraft:iron_shovel":1528,"minecraft:decorated_pot":7,"minecraft:shield":31,"minecraft:iron_sword":88,"minecraft:bell":2,"minecraft:iron_chestplate":2,"minecraft:mutton":1,"minecraft:nether_bricks":65,"minecraft:carrot":1089,"minecraft:deepslate_tile_slab":48,"minecraft:tuff":12,"minecraft:axolotl_bucket":1,"minecraft:polished_deepslate_stairs":377,"minecraft:lantern":27,"minecraft:iron_helmet":2,"minecraft:stone_bricks":140,"minecraft:diamond_boots":1,"minecraft:stone_pickaxe":447,"minecraft:oak_planks":48,"minecraft:ender_pearl":1,"minecraft:diamond_axe":177,"minecraft:blue_bed":1,"minecraft:shears":35,"minecraft:firework_rocket":4,"minecraft:bread":57,"mcwroofs:spruce_roof":2,"minecraft:gravel":2,"additional_lights:fire_pit_l_stone_bricks":4,"minecraft:grindstone":1,"minecraft:andesite":24,"minecraft:chain":15,"minecraft:smooth_stone_slab":5,"minecraft:bone_meal":1796,"minecraft:oak_fence":9,"minecraft:stone_shovel":771,"minecraft:spruce_planks":553,"minecraft:stone_hoe":128,"minecraft:oak_door":5,"minecraft:dirt":1299,"minecraft:spyglass":22,"minecraft:white_carpet":2,"minecraft:hopper":9,"minecraft:spruce_stairs":295,"minecraft:diamond_helmet":1,"minecraft:spruce_fence":118,"minecraft:dark_oak_planks":1,"minecraft:wooden_axe":110,"minecraft:stone_brick_slab":9,"minecraft:bookshelf":9,"minecraft:iron_boots":1,"minecraft:golden_carrot":5,"minecraft:black_stained_glass":24,"minecraft:deepslate_tile_stairs":71,"minecraft:netherite_pickaxe":122,"minecraft:minecart":24,"minecraft:cooked_beef":3,"minecraft:enchanted_golden_apple":1,"minecraft:iron_leggings":1,"minecraft:cooked_mutton":4,"minecraft:glass_bottle":3,"minecraft:polished_andesite":90,"minecraft:baked_potato":479,"minecraft:spruce_sign":15,"minecraft:stonecutter":3,"minecraft:warped_roots":1,"minecraft:smoker":4,"minecraft:dark_oak_door":4,"minecraft:piston":6,"minecraft:wooden_hoe":111,"minecraft:apple":22,"sawmill:sawmill":3,"minecraft:map":3,"minecraft:stone_axe":258,"minecraft:bucket":45,"minecraft:splash_potion":3},"minecraft:dropped":{"minecraft:piston":10,"minecraft:ominous_bottle":1,"minecraft:lapis_lazuli":114,"minecraft:diamond":4,"minecraft:crafting_table":3,"minecraft:glow_berries":8,"minecraft:warped_roots":7,"minecraft:cracked_stone_bricks":1,"minecraft:rail":17,"minecraft:red_mushroom":4,"minecraft:emerald":23,"minecraft:dirt":75,"minecraft:gold_nugget":53,"minecraft:bone_block":32,"minecraft:bone_meal":1,"minecraft:iron_pickaxe":2,"minecraft:dark_oak_planks":4,"minecraft:white_wool":1,"minecraft:bone":167,"minecraft:oak_door":1,"minecraft:dark_oak_door":1,"minecraft:stone_axe":1,"minecraft:ancient_debris":6,"minecraft:golden_chestplate":8,"minecraft:cobbled_deepslate":1098,"minecraft:birch_sapling":1,"minecraft:wheat":5,"minecraft:rotten_flesh":32,"minecraft:oak_planks":46,"minecraft:enchanted_golden_apple":1,"minecraft:white_bed":3,"minecraft:warped_planks":16,"minecraft:leather_boots":4,"mcwroofs:spruce_roof":1,"minecraft:leather_leggings":3,"minecraft:spruce_slab":103,"minecraft:beef":7,"minecraft:enchanted_book":2,"minecraft:golden_boots":2,"minecraft:wheat_seeds":47,"minecraft:book":2,"minecraft:iron_helmet":2,"minecraft:cobblestone":859,"minecraft:apple":6,"minecraft:deepslate_tile_slab":13,"minecraft:chainmail_helmet":2,"minecraft:coal":5,"minecraft:oxeye_daisy":16,"minecraft:ink_sac":2,"minecraft:wooden_hoe":1,"minecraft:wooden_axe":3,"minecraft:potion":1,"minecraft:smooth_stone":1,"minecraft:paper":3,"minecraft:string":4,"minecraft:spruce_sapling":63,"minecraft:stone_brick_slab":3,"toms_storage:inventory_cable_framed":1,"minecraft:stone_sword":1,"minecraft:smooth_stone_slab":12,"minecraft:deepslate":72,"minecraft:clay_ball":36,"minecraft:iron_boots":1,"minecraft:nether_bricks":57,"minecraft:spruce_fence":1,"minecraft:diamond_sword":8,"minecraft:hay_block":9,"minecraft:potato":990,"minecraft:spruce_boat":2,"minecraft:spruce_trapdoor":6,"minecraft:spruce_planks":67,"minecraft:diamond_pickaxe":2,"minecraft:spider_eye":1,"minecraft:stone_bricks":4,"minecraft:bow":68,"minecraft:warped_stem":4,"minecraft:moss_block":3,"minecraft:brown_mushroom":5,"minecraft:diamond_axe":1,"minecraft:oak_log":55,"minecraft:baked_potato":2,"minecraft:dark_oak_sapling":1,"minecraft:decorated_pot":1,"minecraft:leather":18,"minecraft:flint":1,"minecraft:spruce_leaves":4,"minecraft:cracked_polished_blackstone_bricks":10,"minecraft:netherite_scrap":5,"minecraft:cooked_cod":1,"minecraft:amethyst_shard":1,"minecraft:polished_blackstone_bricks":29,"minecraft:gold_ingot":4,"minecraft:gravel":262,"minecraft:blackstone":60,"minecraft:carrot":970,"minecraft:chainmail_chestplate":3,"minecraft:poppy":2,"minecraft:leather_chestplate":2,"minecraft:gunpowder":5,"minecraft:chainmail_boots":3,"minecraft:basalt":6,"minecraft:iron_bars":2,"minecraft:arrow":269,"minecraft:quartz":117,"minecraft:netherrack":604,"minecraft:water_bucket":1,"minecraft:stone_hoe":1,"minecraft:bread":63,"minecraft:oak_slab":8,"minecraft:golden_helmet":4,"minecraft:minecart":2,"minecraft:poisonous_potato":16,"minecraft:spruce_stairs":620,"minecraft:grass_block":2,"minecraft:stick":134,"minecraft:diorite":3,"minecraft:torch":1,"minecraft:map":1,"minecraft:iron_leggings":3,"minecraft:iron_axe":1,"minecraft:smooth_basalt":15,"minecraft:sweet_berries":32,"minecraft:tuff":64,"minecraft:composter":3,"minecraft:flint_and_steel":1,"minecraft:filled_map":2,"minecraft:shield":1,"minecraft:trial_key":2,"minecraft:diamond_chestplate":1,"minecraft:iron_chestplate":2,"minecraft:andesite":117,"minecraft:golden_leggings":2,"minecraft:oak_sapling":186,"minecraft:golden_sword":2,"minecraft:diamond_boots":2,"minecraft:spruce_log":17,"minecraft:magma_cream":12,"minecraft:calcite":7,"minecraft:nautilus_shell":1,"minecraft:brick":58},"minecraft:killed":{"minecraft:skeleton":947,"minecraft:magma_cube":1,"minecraft:salmon":5,"minecraft:iron_golem":1,"minecraft:pillager":4,"minecraft:zombie":45,"minecraft:cow":5,"minecraft:wandering_trader":1,"minecraft:enderman":1,"minecraft:zombified_piglin":2,"minecraft:spider":7,"minecraft:bee":2,"minecraft:silverfish":5,"minecraft:piglin_brute":5,"minecraft:piglin":11,"minecraft:zombie_villager":8,"minecraft:creeper":4,"minecraft:sheep":1,"minecraft:trader_llama":1,"minecraft:ghast":1,"minecraft:blaze":6,"minecraft:drowned":11,"minecraft:hoglin":2,"minecraft:squid":7,"minecraft:wither_skeleton":6},"minecraft:killed_by":{"minecraft:zombie_villager":1,"minecraft:piglin_brute":1,"minecraft:zombie":7,"minecraft:wither_skeleton":3,"minecraft:creeper":1,"minecraft:drowned":1,"minecraft:piglin":3,"minecraft:silverfish":1,"minecraft:blaze":1,"minecraft:enderman":1,"minecraft:iron_golem":1,"minecraft:skeleton":9},"minecraft:picked_up":{"minecraft:wooden_axe":3,"minecraft:iron_chestplate":20,"minecraft:chainmail_boots":2,"minecraft:lead":9,"minecraft:stone_slab":10,"minecraft:diamond_sword":20,"minecraft:enchanted_book":4,"minecraft:brewing_stand":5,"minecraft:golden_sword":3,"minecraft:amethyst_block":12,"minecraft:string":29,"minecraft:dark_oak_trapdoor":3,"minecraft:beetroot":10,"minecraft:diamond_leggings":8,"minecraft:gold_nugget":300,"minecraft:cobbled_deepslate":4602,"minecraft:spruce_planks":1204,"minecraft:trial_key":2,"minecraft:netherite_upgrade_smithing_template":2,"minecraft:enchanted_golden_apple":4,"minecraft:dark_oak_door":3,"minecraft:golden_helmet":1,"minecraft:composter":14,"minecraft:big_dripleaf":3,"minecraft:golden_axe":7,"minecraft:lightning_rod":3,"minecraft:warped_planks":8,"minecraft:deepslate_tile_stairs":155,"minecraft:golden_chestplate":7,"minecraft:cauldron":4,"minecraft:honey_bottle":3,"minecraft:stone_sword":1,"minecraft:blaze_rod":6,"minecraft:iron_bars":4,"minecraft:birch_log":15,"minecraft:magma_block":15,"minecraft:water_bucket":1,"minecraft:flint":179,"additional_lights:fire_for_standing_torch_s":2,"minecraft:map":4,"minecraft:lantern":24,"minecraft:twisting_vines":6,"minecraft:stonecutter":3,"minecraft:diamond_helmet":7,"minecraft:glowstone_dust":4,"minecraft:moss_block":61,"minecraft:warped_wart_block":3,"minecraft:stripped_spruce_log":538,"minecraft:ink_sac":29,"minecraft:dark_oak_log":82,"minecraft:polished_andesite":29,"minecraft:granite":24,"minecraft:chainmail_helmet":2,"minecraft:bread":97,"minecraft:dark_oak_fence":2,"minecraft:diamond_pickaxe":14,"minecraft:spruce_leaves":70,"minecraft:crafting_table":9,"minecraft:coarse_dirt":3,"minecraft:ominous_bottle":4,"minecraft:nether_wart":40,"minecraft:clay_ball":96,"minecraft:red_bed":4,"minecraft:flint_and_steel":4,"minecraft:iron_shovel":9,"minecraft:glass_pane":62,"minecraft:cracked_stone_bricks":1,"minecraft:beef":7,"sawmill:sawmill":3,"minecraft:poppy":6,"minecraft:iron_nugget":60,"minecraft:spruce_slab":156,"minecraft:minecart":25,"minecraft:chest":57,"minecraft:birch_sapling":4,"minecraft:piston":16,"minecraft:egg":25,"minecraft:black_stained_glass":24,"minecraft:polished_deepslate_slab":87,"minecraft:oak_door":6,"minecraft:spruce_fence":100,"minecraft:carrot":3708,"minecraft:redstone":347,"toms_storage:inventory_cable_framed":1,"minecraft:stone_shovel":2,"minecraft:diamond_chestplate":10,"minecraft:cooked_cod":2,"minecraft:decorated_pot":11,"minecraft:beetroot_seeds":4,"minecraft:shears":4,"minecraft:diamond_boots":10,"minecraft:hay_block":82,"minecraft:gold_ingot":81,"minecraft:glow_berries":24,"minecraft:mutton":2,"minecraft:white_wool":25,"minecraft:rail":288,"minecraft:oxeye_daisy":129,"minecraft:red_mushroom":12,"minecraft:filled_map":4,"minecraft:oak_log":1188,"minecraft:ancient_debris":42,"minecraft:golden_boots":1,"minecraft:blue_bed":1,"minecraft:paper":9,"minecraft:white_banner":3,"minecraft:apple":142,"minecraft:stone_bricks":121,"minecraft:warped_stem":7,"minecraft:stone_pickaxe":11,"minecraft:iron_sword":8,"minecraft:smooth_basalt":15,"minecraft:sweet_berries":117,"minecraft:red_wool":8,"minecraft:spyglass":1,"minecraft:gravel":511,"minecraft:spruce_sapling":350,"minecraft:spruce_log":3369,"minecraft:diamond_shovel":1,"minecraft:slime_ball":96,"minecraft:stone_axe":8,"minecraft:diamond_axe":4,"minecraft:warped_roots":11,"minecraft:baked_potato":298,"minecraft:warped_nylium":1,"minecraft:hopper":2,"minecraft:ender_pearl":1,"minecraft:wheat":157,"minecraft:potion":4,"minecraft:gilded_blackstone":5,"minecraft:stone_brick_stairs":1,"minecraft:raw_copper":16,"minecraft:smooth_stone_slab":6,"minecraft:iron_leggings":13,"minecraft:bucket":18,"minecraft:calcite":7,"minecraft:azalea":1,"minecraft:iron_pickaxe":18,"minecraft:iron_boots":13,"minecraft:furnace":30,"minecraft:stick":1273,"minecraft:polished_deepslate_stairs":269,"minecraft:oak_fence":8,"minecraft:torch":1320,"minecraft:spruce_stairs":323,"minecraft:porkchop":52,"minecraft:diorite":21,"minecraft:pointed_dripstone":4,"minecraft:rotten_flesh":111,"minecraft:deepslate_brick_stairs":5,"minecraft:obsidian":3,"minecraft:blaze_powder":1,"minecraft:cobblestone":3222,"minecraft:nautilus_shell":2,"minecraft:leather_chestplate":2,"minecraft:magma_cream":12,"minecraft:andesite":668,"minecraft:potato":4503,"minecraft:tuff":531,"minecraft:lapis_lazuli":258,"minecraft:dirt":4639,"minecraft:polished_granite":1,"minecraft:name_tag":1,"minecraft:leather_boots":4,"minecraft:bone":484,"minecraft:bow":48,"minecraft:wheat_seeds":215,"minecraft:raw_gold":92,"minecraft:bell":2,"minecraft:mossy_stone_bricks":1,"minecraft:fletching_table":1,"minecraft:oak_planks":267,"minecraft:stone_hoe":2,"minecraft:cooked_porkchop":24,"minecraft:axolotl_bucket":3,"minecraft:poisonous_potato":23,"minecraft:black_stained_glass_pane":96,"minecraft:sand":101,"minecraft:nether_brick_stairs":1,"minecraft:grass_block":3,"minecraft:diamond":111,"minecraft:spruce_boat":6,"minecraft:cracked_polished_blackstone_bricks":30,"mcwroofs:spruce_roof":5,"minecraft:golden_apple":19,"minecraft:spruce_sign":9,"minecraft:emerald":170,"minecraft:oak_sapling":560,"minecraft:piglin_banner_pattern":1,"minecraft:netherrack":1927,"minecraft:ladder":159,"minecraft:brown_mushroom":43,"minecraft:wooden_pickaxe":6,"minecraft:gold_block":6,"minecraft:chain":99,"minecraft:brick":154,"minecraft:shield":5,"minecraft:moss_carpet":31,"minecraft:iron_axe":10,"minecraft:blackstone":243,"minecraft:candle":20,"minecraft:lectern":282,"minecraft:sugar_cane":91,"minecraft:spruce_trapdoor":56,"minecraft:dark_oak_sapling":1,"minecraft:raw_iron":651,"minecraft:copper_ingot":2,"minecraft:polished_blackstone_bricks":86,"minecraft:dark_oak_planks":1,"minecraft:arrow":511,"minecraft:nether_bricks":295,"minecraft:saddle":6,"minecraft:basalt":28,"minecraft:salmon":5,"minecraft:leather":96,"minecraft:chainmail_chestplate":4,"minecraft:gunpowder":20,"minecraft:wooden_hoe":5,"minecraft:deepslate_tile_slab":151,"minecraft:iron_ingot":112,"minecraft:soul_sand":10,"minecraft:book":258,"minecraft:oak_slab":6,"minecraft:pumpkin":6,"minecraft:stone_brick_slab":6,"minecraft:quartz":349,"minecraft:lava_bucket":1,"xp_storage:xp_book":2,"minecraft:amethyst_shard":48,"minecraft:white_bed":15,"minecraft:spider_eye":3,"minecraft:campfire":12,"minecraft:iron_helmet":16,"minecraft:coal":3694},"minecraft:mined":{"minecraft:white_bed":11,"minecraft:obsidian":3,"minecraft:granite":18,"minecraft:deepslate_tile_stairs":12,"minecraft:hopper":1,"minecraft:nether_wart":13,"minecraft:oxeye_daisy":19,"minecraft:polished_blackstone_bricks":32,"minecraft:weeping_vines_plant":2,"minecraft:tall_seagrass":1,"minecraft:magma_block":15,"minecraft:dark_oak_trapdoor":2,"minecraft:cobbled_deepslate":29,"minecraft:fire":8,"minecraft:pumpkin":2,"minecraft:moss_carpet":4,"minecraft:fletching_table":1,"minecraft:deepslate_lapis_ore":3,"minecraft:nether_brick_stairs":1,"minecraft:polished_deepslate_slab":4,"minecraft:water_cauldron":1,"minecraft:oak_stairs":1,"minecraft:brown_mushroom":10,"minecraft:red_bed":4,"minecraft:kelp_plant":1,"minecraft:amethyst_cluster":3,"minecraft:deepslate_tile_slab":19,"minecraft:torch":223,"minecraft:dead_bush":1,"minecraft:sugar_cane":20,"minecraft:amethyst_block":1,"minecraft:chain":1,"minecraft:wheat":33,"minecraft:stone_brick_stairs":1,"minecraft:smooth_basalt":17,"minecraft:stonecutter":2,"minecraft:piston":5,"minecraft:deepslate":6457,"minecraft:infested_deepslate":8,"minecraft:nether_bricks":174,"minecraft:spruce_fence":18,"minecraft:moss_block":25,"minecraft:red_mushroom":4,"minecraft:black_stained_glass_pane":2,"minecraft:andesite":384,"minecraft:big_dripleaf_stem":2,"minecraft:potatoes":1144,"minecraft:vine":1,"minecraft:rail":220,"minecraft:warped_stem":7,"minecraft:glass_pane":1,"minecraft:soul_sand":10,"minecraft:short_grass":377,"minecraft:emerald_ore":3,"minecraft:warped_roots":10,"minecraft:lightning_rod":3,"minecraft:tall_grass":67,"minecraft:copper_ore":5,"minecraft:deepslate_gold_ore":7,"minecraft:diorite":11,"minecraft:big_dripleaf":1,"minecraft:warped_wart_block":3,"minecraft:coarse_dirt":3,"additional_lights:fire_for_standing_torch_s":2,"minecraft:spruce_log":163,"minecraft:gravel":260,"minecraft:stone_bricks":10,"minecraft:deepslate_emerald_ore":8,"minecraft:fern":7,"minecraft:infested_stone":2,"minecraft:large_amethyst_bud":2,"minecraft:spruce_planks":107,"minecraft:oak_sapling":60,"minecraft:farmland":47,"minecraft:brewing_stand":4,"minecraft:spruce_trapdoor":15,"minecraft:cave_vines_plant":2,"minecraft:grass_block":1434,"minecraft:cracked_polished_blackstone_bricks":11,"minecraft:composter":14,"minecraft:glowstone":1,"minecraft:black_carpet":1,"minecraft:pointed_dripstone":1,"minecraft:azalea":2,"minecraft:spruce_slab":29,"minecraft:deepslate_redstone_ore":27,"minecraft:blackstone":277,"minecraft:twisting_vines_plant":1,"minecraft:polished_deepslate_stairs":86,"minecraft:clay":15,"minecraft:calcite":5,"minecraft:poppy":4,"minecraft:chest":48,"minecraft:nether_quartz_ore":266,"minecraft:cobblestone":12,"minecraft:oak_planks":12,"minecraft:wall_torch":58,"minecraft:cauldron":2,"minecraft:seagrass":7,"minecraft:warped_nylium":12,"minecraft:dark_oak_door":3,"minecraft:birch_log":4,"minecraft:oak_log":110,"minecraft:sand":100,"minecraft:dirt":878,"minecraft:infested_cracked_stone_bricks":2,"mcwroofs:spruce_roof":2,"minecraft:netherrack":10231,"minecraft:ancient_debris":17,"minecraft:oak_leaves":91,"minecraft:nether_gold_ore":36,"minecraft:tuff":563,"minecraft:deepslate_diamond_ore":8,"minecraft:candle":1,"minecraft:oak_door":2,"minecraft:ladder":6,"sawmill:sawmill":2,"minecraft:decorated_pot":37,"minecraft:spruce_leaves":112,"minecraft:large_fern":5,"minecraft:hay_block":11,"minecraft:spore_blossom":1,"minecraft:spruce_sapling":39,"minecraft:furnace":25,"minecraft:carrots":912,"minecraft:nether_sprouts":4,"minecraft:stripped_spruce_log":330,"minecraft:gold_block":6,"minecraft:bell":2,"minecraft:bookshelf":48,"minecraft:deepslate_iron_ore":1,"minecraft:lantern":6,"minecraft:stone":1963,"minecraft:podzol":64,"minecraft:infested_stone_bricks":1,"minecraft:basalt":11,"minecraft:polished_granite":1,"minecraft:oak_fence":9,"minecraft:crafting_table":8,"minecraft:rose_bush":1,"minecraft:lectern":283,"minecraft:blue_bed":1,"minecraft:spruce_stairs":37,"minecraft:sweet_berry_bush":6,"minecraft:bee_nest":1,"minecraft:coal_ore":8,"minecraft:cracked_stone_bricks":2,"minecraft:polished_andesite":17,"minecraft:small_dripleaf":6,"minecraft:mossy_stone_bricks":3}},"DataVersion":3953}