{"stats":{"minecraft:broken":{"minecraft:iron_boots":1,"minecraft:iron_chestplate":1,"minecraft:iron_leggings":1,"minecraft:diamond_pickaxe":2,"minecraft:iron_sword":1,"minecraft:iron_hoe":1,"minecraft:iron_axe":9,"minecraft:iron_pickaxe":6,"minecraft:iron_helmet":1,"minecraft:iron_shovel":2,"minecraft:wooden_axe":1,"minecraft:stone_shovel":2,"minecraft:golden_axe":1,"minecraft:golden_pickaxe":1},"minecraft:custom":{"minecraft:interact_with_crafting_table":213,"minecraft:open_barrel":90,"minecraft:bell_ring":29,"minecraft:leave_game":61,"minecraft:time_since_death":29237,"minecraft:damage_blocked_by_shield":3402,"minecraft:play_time":3685327,"minecraft:deaths":30,"minecraft:jump":20271,"minecraft:enchant_item":17,"minecraft:interact_with_furnace":174,"minecraft:traded_with_villager":239,"minecraft:sleep_in_bed":92,"minecraft:damage_dealt":103373,"minecraft:interact_with_smoker":95,"minecraft:use_cauldron":11,"minecraft:inspect_dispenser":9,"minecraft:interact_with_smithing_table":8,"minecraft:inspect_dropper":1,"minecraft:interact_with_anvil":40,"minecraft:inspect_hopper":137,"minecraft:sneak_time":176563,"minecraft:interact_with_blast_furnace":63,"minecraft:total_world_time":3685327,"minecraft:interact_with_stonecutter":88,"minecraft:time_since_rest":29313,"minecraft:swim_one_cm":316584,"minecraft:fly_one_cm":4925326,"minecraft:open_chest":2346,"minecraft:fall_one_cm":468406,"minecraft:animals_bred":49,"minecraft:sprint_one_cm":4944329,"minecraft:drop":1060,"minecraft:talked_to_villager":109,"minecraft:walk_on_water_one_cm":196712,"minecraft:interact_with_loom":2,"minecraft:open_enderchest":10,"minecraft:crouch_one_cm":389877,"minecraft:mob_kills":910,"minecraft:climb_one_cm":41848,"minecraft:walk_one_cm":7922145,"minecraft:walk_under_water_one_cm":447123,"minecraft:boat_one_cm":95529,"minecraft:pot_flower":6,"minecraft:interact_with_grindstone":30,"minecraft:damage_taken":41724,"minecraft:damage_absorbed":80},"minecraft:crafted":{"minecraft:black_dye":1,"minecraft:cactus":1,"minecraft:pink_bed":1,"toms_storage:inventory_cable_framed":13,"minecraft:loom":1,"minecraft:bookshelf":46,"minecraft:cooked_mutton":13,"minecraft:glass":44,"minecraft:diamond_helmet":1,"minecraft:repeater":10,"minecraft:diamond_leggings":2,"minecraft:netherite_boots":1,"minecraft:melon_seeds":1,"toms_storage:item_filter":1,"mcwtrpdoors:spruce_ranch_trapdoor":18,"minecraft:magenta_dye":13,"mcwwindows:spruce_plank_parapet":7,"minecraft:cooked_rabbit":1,"minecraft:emerald":191,"minecraft:diamond_axe":1,"minecraft:spruce_door":2,"mcwwindows:spruce_louvered_shutter":2,"minecraft:copper_ingot":72,"minecraft:hay_block":41,"mcwroofs:spruce_planks_roof":36,"minecraft:dark_oak_sapling":4,"toms_storage:inventory_cable":20,"minecraft:stone_slab":390,"minecraft:iron_pickaxe":2,"minecraft:iron_block":6,"minecraft:gold_ingot":168,"minecraft:light_gray_dye":74,"minecraft:netherite_ingot":7,"minecraft:composter":3,"minecraft:spruce_fence_gate":4,"sawmill:sawmill":2,"toms_storage:inventory_cable_connector":1,"minecraft:stone_shovel":3,"minecraft:iron_nugget":9,"minecraft:brick_stairs":20,"minecraft:bone_meal":990,"minecraft:spruce_fence":55,"minecraft:pink_dye":44,"minecraft:spruce_stairs":48,"mcwroofs:spruce_planks_steep_roof":4,"toms_storage:basic_inventory_hopper":2,"minecraft:ladder":24,"minecraft:spruce_slab":126,"minecraft:stone_pickaxe":1,"minecraft:diamond_boots":1,"minecraft:spruce_boat":7,"minecraft:dark_oak_planks":188,"mcwwindows:spruce_curtain_rod":8,"minecraft:wheat":936,"minecraft:coal_block":85,"minecraft:netherite_pickaxe":1,"toms_storage:inventory_connector":1,"minecraft:enchanting_table":1,"mcwroofs:spruce_upper_lower_roof":18,"toms_storage:inventory_configurator":1,"mcwdoors:spruce_barn_door":2,"minecraft:enchanted_book":10,"minecraft:golden_apple":3,"mcwroofs:spruce_attic_roof":2,"minecraft:wooden_axe":1,"minecraft:black_stained_glass_pane":32,"minecraft:iron_shovel":3,"minecraft:iron_leggings":2,"minecraft:white_bed":5,"mcwroofs:spruce_steep_roof":20,"minecraft:brick":35,"minecraft:grindstone":1,"mcwbridges:spruce_bridge_pier":10,"minecraft:oak_planks":4,"minecraft:barrel":3,"minecraft:cooked_chicken":2,"minecraft:lightning_rod":1,"minecraft:stone":64,"minecraft:spruce_pressure_plate":2,"mcwroofs:spruce_roof":22,"minecraft:green_dye":1,"minecraft:hopper":16,"minecraft:bow":4,"minecraft:iron_boots":2,"minecraft:comparator":10,"minecraft:chest":26,"minecraft:netherite_helmet":1,"minecraft:netherite_upgrade_smithing_template":16,"minecraft:bricks":304,"minecraft:dropper":1,"minecraft:crafting_table":10,"minecraft:spruce_planks":1492,"minecraft:iron_helmet":2,"minecraft:wooden_pickaxe":1,"minecraft:baked_potato":394,"mcwroofs:spruce_top_roof":21,"mcwroofs:roofing_hammer":1,"minecraft:sea_pickle":2,"minecraft:apple":128,"minecraft:spruce_trapdoor":48,"minecraft:book":37,"minecraft:iron_chestplate":2,"minecraft:paper":30,"minecraft:diamond_pickaxe":3,"minecraft:shield":1,"minecraft:stick":432,"minecraft:iron_ingot":282,"minecraft:redstone_torch":53,"mcwpaths:spruce_planks_path":36,"minecraft:shears":3,"minecraft:small_dripleaf":2,"minecraft:coal":837,"minecraft:beehive":1,"minecraft:netherite_sword":1,"minecraft:spruce_button":4,"minecraft:furnace":4,"mcwroofs:spruce_lower_roof":20,"minecraft:glass_pane":48,"minecraft:netherite_chestplate":1,"minecraft:netherite_leggings":1,"mcwbridges:spruce_log_bridge_stair":20,"minecraft:iron_axe":2,"minecraft:iron_hoe":1,"minecraft:netherite_scrap":24,"minecraft:sugar":64,"minecraft:red_dye":12,"minecraft:cooked_cod":2,"minecraft:bone_block":63,"minecraft:diamond_sword":1,"minecraft:spruce_sign":2,"minecraft:iron_sword":3,"toms_storage:paint_kit":1,"minecraft:cooked_salmon":4,"minecraft:bucket":3,"minecraft:air":0,"minecraft:bread":68,"minecraft:black_stained_glass":64,"minecraft:blue_dye":5,"minecraft:gold_nugget":1,"minecraft:white_dye":3,"minecraft:stonecutter":1,"minecraft:anvil":3,"minecraft:torch":148,"minecraft:diamond_chestplate":1},"minecraft:used":{"minecraft:beetroot":2,"minecraft:tuff_bricks":11,"mcwbridges:stone_brick_bridge":2,"additional_lights:standing_torch_s_stone_bricks":2,"mcwpaths:andesite_flagstone_path":4,"minecraft:chiseled_tuff":2,"minecraft:spruce_slab":111,"minecraft:ladder":24,"minecraft:poppy":64,"minecraft:black_carpet":2,"minecraft:chest":225,"mcwtrpdoors:spruce_beach_trapdoor":1,"minecraft:stone":52,"minecraft:farmland":13,"mcwtrpdoors:spruce_mystic_trapdoor":2,"minecraft:lily_of_the_valley":4,"minecraft:soul_sand":6,"toms_storage:inventory_cable_connector_framed":8,"mcwdoors:iron_portcullis":33,"mcwdoors:wooden_portcullis":10,"minecraft:azure_bluet":1,"minecraft:stripped_spruce_log":1489,"mcwpaths:andesite_dumble_paving":2,"minecraft:spruce_boat":14,"minecraft:lava_bucket":42,"minecraft:villager_spawn_egg":1,"minecraft:red_wool":9,"minecraft:black_stained_glass_pane":24,"minecraft:grass_block":607,"additional_lights:al_torch_dark_oak_planks":4,"minecraft:polished_andesite_stairs":18,"minecraft:dark_oak_slab":252,"toms_storage:inventory_cable":27,"minecraft:stone_brick_stairs":43,"mcwwindows:spruce_blinds":8,"minecraft:bow":144,"minecraft:sweet_berries":6,"minecraft:ominous_bottle":1,"minecraft:furnace":14,"minecraft:oak_sapling":20,"minecraft:cooked_cod":3,"mcwdoors:spruce_stable_door":2,"minecraft:egg":3,"minecraft:potato":651,"additional_lights:fire_for_fire_pit_s":2,"mcwwindows:spruce_log_parapet":18,"mcwdoors:spruce_paper_door":2,"minecraft:spruce_door":7,"minecraft:copper_door":1,"minecraft:brick_wall":8,"mcwroofs:dark_oak_planks_upper_steep_roof":110,"minecraft:blackstone":203,"minecraft:cactus":2,"minecraft:wooden_pickaxe":19,"mcwpaths:andesite_windmill_weave_path":4,"minecraft:composter":3,"mcwdoors:spruce_barn_door":10,"minecraft:clay":1,"mcwroofs:spruce_steep_roof":51,"minecraft:oak_leaves":56,"mcwroofs:dark_oak_planks_upper_lower_roof":260,"minecraft:golden_apple":2,"minecraft:glow_berries":1,"minecraft:dark_oak_trapdoor":47,"minecraft:sand":34,"mcwdoors:spruce_japanese_door":2,"additional_lights:standing_torch_l_red_nether_bricks":1,"minecraft:blast_furnace":9,"mcwtrpdoors:oak_swamp_trapdoor":2,"additional_lights:standing_torch_l_stone_bricks":1,"minecraft:lightning_rod":3,"mcwroofs:dark_oak_planks_top_roof":98,"mcwdoors:spruce_modern_door":2,"mcwroofs:spruce_lower_roof":78,"minecraft:stone_button":1,"minecraft:lectern":2,"minecraft:polished_granite":10,"mcwpaths:andesite_basket_weave_paving":10,"mcwwindows:spruce_plank_parapet":8,"minecraft:polished_andesite_slab":15,"minecraft:diamond_sword":621,"mcwwindows:dark_oak_window":4,"mcwpaths:mud_brick_running_bond":1,"minecraft:smithing_table":1,"mcwdoors:spruce_classic_door":2,"minecraft:dark_oak_fence":59,"toms_storage:crafting_terminal":4,"mcwdoors:spruce_four_panel_door":2,"minecraft:oak_trapdoor":14,"mcwroofs:dark_oak_planks_roof":1033,"minecraft:iron_bars":5,"minecraft:enchanting_table":2,"minecraft:armor_stand":3,"minecraft:light_gray_carpet":10,"minecraft:cooked_salmon":4,"additional_lights:al_lamp_dark_oak_planks":2,"minecraft:trial_key":1,"minecraft:netherrack":200,"minecraft:torch":848,"minecraft:anvil":4,"minecraft:warped_wart_block":146,"minecraft:ancient_debris":2,"toms_storage:inventory_cable_connector":13,"minecraft:oak_fence_gate":3,"minecraft:spruce_button":1,"mcwwindows:spruce_window":11,"minecraft:iron_axe":1416,"mcwbridges:oak_rail_bridge":23,"minecraft:brick_stairs":7,"mcwdoors:warped_glass_door":2,"additional_lights:fire_pit_l_cobblestone":4,"minecraft:barrel":53,"minecraft:melon_seeds":9,"mcwbridges:rope_spruce_bridge":11,"additional_lights:fire_pit_s_stone_bricks":3,"minecraft:diamond_chestplate":1,"minecraft:glowstone":1,"mcwroofs:dark_oak_planks_steep_roof":112,"minecraft:iron_trapdoor":2,"minecraft:podzol":2,"minecraft:cobbled_deepslate":98,"minecraft:pointed_dripstone":2,"minecraft:golden_axe":33,"additional_lights:standing_torch_l_polished_andesite":7,"mcwbridges:rope_oak_bridge":57,"additional_lights:standing_torch_s_polished_andesite":3,"minecraft:wheat_seeds":472,"minecraft:water_bucket":30,"minecraft:warped_stem":56,"mcwbridges:nether_bricks_bridge":5,"mcwdoors:metal_door":4,"mcwpaths:andesite_square_paving":10,"mcwbridges:warped_rope_bridge_stair":1,"toms_storage:inventory_connector":16,"minecraft:cauldron":5,"minecraft:sheep_spawn_egg":2,"minecraft:spruce_fence_gate":26,"mcwroofs:spruce_planks_roof":36,"mcwtrpdoors:spruce_barn_trapdoor":1,"additional_lights:fire_pit_l_polished_andesite":4,"minecraft:mossy_cobblestone":2,"minecraft:rail":65,"minecraft:crafting_table":14,"mcwdoors:spruce_mystic_door":2,"mcwwindows:spruce_curtain_rod":13,"minecraft:white_bed":15,"minecraft:campfire":42,"minecraft:spruce_log":1231,"mcwwindows:spruce_window2":12,"minecraft:oak_log":87,"minecraft:diamond_pickaxe":13660,"minecraft:oxeye_daisy":19,"mcwpaths:andesite_running_bond_path":4,"minecraft:ominous_trial_key":2,"mcwpaths:spruce_planks_path":81,"minecraft:iron_pickaxe":888,"minecraft:spruce_pressure_plate":15,"minecraft:spruce_trapdoor":181,"minecraft:spruce_sapling":103,"minecraft:pink_bed":1,"minecraft:cobblestone":468,"additional_lights:fire_pit_l_mossy_stone_bricks":1,"additional_lights:fire_for_standing_torch_s":2,"minecraft:cooked_porkchop":6,"minecraft:warped_fence_gate":1,"minecraft:andesite_stairs":1,"minecraft:glass_pane":157,"minecraft:kelp":4,"minecraft:candle":26,"mcwtrpdoors:acacia_paper_trapdoor":2,"minecraft:cherry_sapling":21,"minecraft:iron_shovel":1171,"minecraft:diamond_hoe":17,"mcwroofs:spruce_planks_steep_roof":6,"mcwtrpdoors:spruce_barred_trapdoor":1,"minecraft:decorated_pot":14,"minecraft:shield":52,"minecraft:iron_sword":608,"additional_lights:fire_pit_l_polished_blackstone":1,"minecraft:bell":1,"minecraft:spruce_leaves":79,"mcwpaths:mud_brick_square_paving":2,"minecraft:nether_bricks":4,"minecraft:carrot":587,"minecraft:waxed_copper_grate":9,"mcwbridges:spruce_bridge_pier":40,"minecraft:tuff":124,"minecraft:beehive":3,"minecraft:obsidian":12,"minecraft:glass":76,"minecraft:waxed_oxidized_copper":8,"minecraft:bricks":63,"mcwtrpdoors:dark_oak_bark_trapdoor":4,"minecraft:spruce_wood":24,"minecraft:lantern":37,"mcwwindows:red_curtain":15,"mcwroofs:stone_bricks_roof":13,"minecraft:stone_bricks":252,"minecraft:golden_sword":3,"mcwdoors:spruce_western_door":3,"mcwroofs:spruce_attic_roof":4,"mcwpaths:andesite_clover_paving":3,"mcwwindows:dark_oak_plank_window":11,"mcwwindows:crimson_plank_parapet":4,"minecraft:beetroot_seeds":85,"mcwdoors:oak_japanese_door":2,"toms_storage:basic_inventory_hopper":29,"mcwroofs:spruce_upper_lower_roof":94,"minecraft:dark_oak_sapling":10,"mcwroofs:red_striped_awning":123,"minecraft:dark_oak_stairs":181,"mcwroofs:dark_oak_planks_lower_roof":162,"minecraft:dropper":2,"minecraft:stone_pickaxe":12,"minecraft:dark_oak_sign":36,"minecraft:oak_planks":1,"minecraft:ender_pearl":1,"minecraft:sugar_cane":73,"minecraft:diamond_axe":164,"additional_lights:al_lamp_magenta_wool":1,"minecraft:loom":2,"additional_lights:al_lamp_iron_block":1,"minecraft:stone_brick_wall":2,"minecraft:black_bed":7,"minecraft:dripstone_block":6,"minecraft:shears":181,"minecraft:redstone_torch":4,"mcwtrpdoors:birch_glass_trapdoor":3,"mcwroofs:spruce_top_roof":18,"mcwbridges:iron_bridge_stair":1,"minecraft:bread":65,"mcwroofs:spruce_roof":171,"minecraft:deepslate":186,"minecraft:gravel":215,"minecraft:iron_door":3,"mcwbridges:balustrade_andesite_bridge":14,"mcwdoors:dark_oak_glass_door":2,"mcwbridges:asian_red_bridge_pier":3,"minecraft:cooked_rabbit":1,"minecraft:grindstone":2,"minecraft:andesite":61,"minecraft:chain":66,"minecraft:coarse_dirt":63,"minecraft:bone_meal":527,"minecraft:golden_pickaxe":23,"minecraft:netherite_sword":38,"mcwdoors:birch_barn_door":15,"minecraft:rose_bush":2,"mcwbridges:spruce_log_bridge_stair":11,"minecraft:flint_and_steel":102,"additional_lights:fire_pit_l_end_stone_bricks":1,"toms_storage:level_emitter":5,"minecraft:stone_shovel":341,"minecraft:redstone":10,"minecraft:spruce_planks":1872,"additional_lights:al_lamp_nether_bricks":10,"minecraft:ender_chest":1,"minecraft:cooked_chicken":2,"minecraft:oak_door":3,"mcwdoors:spruce_barn_glass_door":2,"minecraft:dirt":1554,"minecraft:white_carpet":6,"minecraft:hopper":50,"minecraft:spruce_stairs":160,"minecraft:cobblestone_wall":11,"minecraft:golden_chestplate":1,"mcwtrpdoors:spruce_glass_trapdoor":3,"mcwtrpdoors:spruce_classic_trapdoor":1,"minecraft:spruce_fence":225,"minecraft:granite":1,"mcwdoors:spruce_swamp_door":2,"minecraft:iron_hoe":813,"minecraft:stone_brick_slab":8,"minecraft:dark_oak_planks":23,"minecraft:wooden_axe":37,"minecraft:bookshelf":54,"mcwwindows:spruce_shutter":9,"mcwbridges:end_stone_bricks_bridge_pier":3,"toms_storage:paint_kit":16,"mcwbridges:spruce_rope_bridge_stair":12,"mcwwindows:spruce_louvered_shutter":7,"mcwdoors:spruce_japanese2_door":2,"mcwpaths:mud_brick_clover_paving":13,"minecraft:deepslate_tile_stairs":2,"minecraft:white_stained_glass_pane":8,"minecraft:netherite_pickaxe":833,"additional_lights:standing_torch_l_cobblestone":3,"mcwpaths:stone_running_bond":1,"minecraft:cooked_mutton":45,"minecraft:iron_ore":2,"toms_storage:trim":27,"mcwtrpdoors:spruce_ranch_trapdoor":20,"minecraft:polished_andesite":24,"minecraft:baked_potato":206,"mcwpaths:oak_planks_path":10,"mcwdoors:spruce_stable_head_door":2,"toms_storage:storage_terminal":6,"minecraft:spruce_sign":17,"minecraft:stonecutter":3,"minecraft:cobblestone_slab":15,"minecraft:waxed_copper_block":3,"mcwpaths:mud_brick_running_bond_path":22,"mcwtrpdoors:spruce_blossom_trapdoor":4,"toms_storage:inventory_cable_framed":77,"mcwwindows:spruce_plank_window2":1,"minecraft:dark_oak_door":9,"minecraft:smoker":8,"minecraft:flower_pot":6,"mcwtrpdoors:oak_blossom_trapdoor":16,"mcwwindows:dark_oak_curtain_rod":4,"mcwpaths:birch_planks_path":2,"mcwbridges:bridge_torch":39,"sawmill:sawmill":11,"minecraft:stone_slab":189,"mcwdoors:spruce_waffle_door":2,"mcwtrpdoors:spruce_four_panel_trapdoor":1,"additional_lights:al_torch_spruce_planks":1,"minecraft:red_banner":11,"minecraft:bucket":64,"mcwdoors:spruce_beach_door":3},"minecraft:dropped":{"minecraft:iron_sword":3,"minecraft:ominous_bottle":2,"minecraft:lapis_lazuli":64,"minecraft:glow_ink_sac":8,"minecraft:diamond":20,"minecraft:spore_blossom":1,"minecraft:crafting_table":6,"minecraft:warped_roots":2,"minecraft:emerald":10,"minecraft:dirt":328,"minecraft:birch_fence":2,"minecraft:chain":29,"minecraft:bone_meal":12,"minecraft:sand":6,"minecraft:sugar":64,"minecraft:iron_pickaxe":2,"minecraft:dark_oak_planks":10,"minecraft:bone":51,"minecraft:waxed_cut_copper_slab":1,"sawmill:sawmill":1,"minecraft:iron_nugget":48,"minecraft:cobbled_deepslate":3880,"minecraft:birch_sapling":3,"minecraft:obsidian":1,"minecraft:rotten_flesh":177,"minecraft:oak_planks":25,"minecraft:glowstone_dust":5,"minecraft:azure_bluet":1,"minecraft:white_bed":1,"minecraft:salmon":2,"minecraft:hopper":2,"mcwroofs:spruce_roof":60,"mcwroofs:spruce_lower_roof":49,"minecraft:glass":11,"xp_storage:xp_book":1,"minecraft:egg":13,"minecraft:enchanted_book":4,"minecraft:golden_boots":1,"minecraft:iron_ingot":34,"minecraft:wheat_seeds":25,"minecraft:deepslate_brick_wall":26,"minecraft:iron_helmet":4,"minecraft:cobblestone":138,"minecraft:book":9,"minecraft:waxed_copper_grate":2,"minecraft:granite":3,"minecraft:spruce_button":3,"mcwbridges:spruce_bridge_pier":6,"minecraft:spruce_door":1,"minecraft:coal":4,"minecraft:golden_apple":3,"minecraft:oxeye_daisy":38,"toms_storage:trim":2,"minecraft:ink_sac":4,"minecraft:wooden_axe":7,"minecraft:rabbit":1,"mcwroofs:spruce_top_roof":1,"minecraft:diamond_helmet":1,"minecraft:oak_stairs":24,"minecraft:pumpkin":12,"minecraft:paper":10,"minecraft:iron_shovel":4,"minecraft:string":58,"minecraft:spruce_sapling":51,"minecraft:furnace":1,"minecraft:moss_carpet":21,"minecraft:deepslate":66,"minecraft:stone_shovel":1,"minecraft:clay_ball":78,"minecraft:iron_boots":1,"minecraft:stone_slab":1,"minecraft:spruce_fence":6,"minecraft:shears":1,"minecraft:diamond_sword":3,"minecraft:big_dripleaf":4,"minecraft:potato":313,"minecraft:stone":1,"minecraft:flower_pot":3,"minecraft:spruce_planks":135,"minecraft:diamond_pickaxe":1,"minecraft:spider_eye":23,"minecraft:light_gray_dye":8,"minecraft:bow":38,"minecraft:dark_oak_stairs":19,"minecraft:moss_block":11,"minecraft:brown_mushroom":1,"minecraft:diamond_axe":1,"minecraft:oak_log":89,"minecraft:baked_potato":127,"mcwroofs:spruce_upper_lower_roof":41,"minecraft:loom":1,"minecraft:netherite_upgrade_smithing_template":2,"minecraft:red_wool":2,"mcwroofs:spruce_attic_roof":2,"minecraft:flint":92,"minecraft:cobblestone_stairs":8,"minecraft:cracked_polished_blackstone_bricks":20,"minecraft:dark_oak_log":251,"minecraft:cooked_cod":45,"minecraft:gilded_blackstone":5,"minecraft:amethyst_shard":1,"minecraft:axolotl_bucket":1,"minecraft:polished_blackstone_bricks":29,"minecraft:birch_log":6,"minecraft:gold_ingot":114,"minecraft:cauldron":1,"minecraft:gravel":821,"minecraft:blackstone":579,"minecraft:spyglass":1,"minecraft:beetroot":1,"minecraft:carrot":926,"minecraft:poppy":1,"minecraft:rabbit_hide":1,"minecraft:leather_chestplate":1,"minecraft:azalea":3,"minecraft:chest":24,"minecraft:basalt":5,"minecraft:arrow":105,"minecraft:quartz":289,"minecraft:oak_leaves":44,"minecraft:netherrack":1862,"minecraft:water_bucket":2,"minecraft:bread":11,"minecraft:golden_helmet":1,"toms_storage:inventory_connector":1,"minecraft:mossy_cobblestone":2,"minecraft:diamond_leggings":1,"minecraft:poisonous_potato":2,"minecraft:golden_axe":1,"minecraft:polished_tuff":3,"minecraft:amethyst_block":1,"minecraft:copper_ingot":3,"minecraft:tropical_fish":39,"minecraft:ominous_trial_key":2,"minecraft:stick":17,"minecraft:spruce_fence_gate":2,"minecraft:deepslate_brick_stairs":12,"minecraft:diorite":2,"minecraft:torch":94,"xp_storage:crystallized_lapis":1,"minecraft:waxed_oxidized_copper":2,"minecraft:iron_leggings":3,"minecraft:flowering_azalea":1,"minecraft:stonecutter":1,"minecraft:iron_axe":5,"minecraft:bucket":1,"minecraft:smooth_basalt":3,"minecraft:redstone":4,"minecraft:kelp":183,"minecraft:tuff_bricks":1,"minecraft:coarse_dirt":1,"minecraft:nether_wart":7,"minecraft:raw_copper":96,"minecraft:tuff":111,"minecraft:raw_iron":34,"minecraft:comparator":2,"minecraft:flint_and_steel":1,"minecraft:shield":2,"minecraft:diamond_chestplate":3,"minecraft:iron_chestplate":1,"minecraft:andesite":13,"minecraft:pink_wool":3,"minecraft:golden_leggings":1,"minecraft:oak_sapling":73,"minecraft:golden_sword":3,"minecraft:waxed_chiseled_copper":2,"minecraft:spruce_log":130,"minecraft:stone_pickaxe":4,"minecraft:brick":8},"minecraft:killed_by":{"minecraft:piglin_brute":4,"minecraft:zombie":6,"minecraft:zombified_piglin":1,"minecraft:wither_skeleton":1,"minecraft:creeper":2,"minecraft:spider":1,"minecraft:skeleton":7},"minecraft:killed":{"minecraft:cave_spider":4,"minecraft:cod":2,"minecraft:skeleton":149,"minecraft:chicken":6,"minecraft:tropical_fish":1,"minecraft:salmon":4,"minecraft:pillager":9,"minecraft:zombie":138,"minecraft:glow_squid":1,"minecraft:cow":1,"minecraft:rabbit":2,"minecraft:wandering_trader":1,"minecraft:breeze":5,"minecraft:enderman":7,"minecraft:witch":1,"minecraft:zombified_piglin":16,"minecraft:spider":72,"minecraft:silverfish":10,"minecraft:piglin_brute":15,"minecraft:piglin":62,"minecraft:zombie_villager":8,"minecraft:creeper":32,"minecraft:sheep":30,"minecraft:trader_llama":2,"minecraft:stray":11,"minecraft:blaze":8,"minecraft:slime":238,"minecraft:phantom":3,"minecraft:drowned":12,"minecraft:hoglin":41,"minecraft:squid":1},"minecraft:picked_up":{"minecraft:wooden_axe":2,"minecraft:iron_chestplate":14,"minecraft:chainmail_boots":1,"minecraft:flower_pot":6,"minecraft:lead":17,"minecraft:stone_slab":38,"minecraft:diamond_sword":8,"minecraft:oak_stairs":24,"minecraft:enchanted_book":15,"minecraft:golden_sword":6,"minecraft:amethyst_block":58,"minecraft:string":261,"minecraft:dark_oak_trapdoor":3,"minecraft:cooked_salmon":1,"minecraft:shroomlight":12,"minecraft:beetroot":33,"minecraft:diamond_leggings":1,"minecraft:gold_nugget":922,"minecraft:cobbled_deepslate":4096,"minecraft:spruce_planks":738,"minecraft:trial_key":5,"mcwbridges:bridge_torch":2,"minecraft:netherite_upgrade_smithing_template":1,"minecraft:coal_block":12,"minecraft:dark_oak_door":2,"minecraft:golden_helmet":1,"minecraft:spruce_pressure_plate":2,"minecraft:beehive":2,"minecraft:big_dripleaf":32,"minecraft:golden_axe":2,"minecraft:lightning_rod":1,"minecraft:cherry_log":38,"minecraft:waxed_copper_grate":19,"minecraft:golden_chestplate":1,"minecraft:stone_sword":1,"minecraft:honey_bottle":1,"minecraft:tropical_fish":39,"minecraft:blaze_rod":3,"minecraft:snowball":8,"mcwtrpdoors:spruce_ranch_trapdoor":2,"minecraft:birch_log":6,"minecraft:magma_block":31,"minecraft:feather":17,"minecraft:cooked_beef":10,"minecraft:water_bucket":5,"minecraft:smoker":4,"minecraft:flint":218,"additional_lights:fire_for_standing_torch_s":2,"minecraft:map":2,"minecraft:lantern":5,"minecraft:twisting_vines":3,"minecraft:stonecutter":1,"minecraft:dark_oak_sign":6,"minecraft:rabbit":2,"minecraft:diamond_helmet":3,"minecraft:glowstone_dust":50,"minecraft:moss_block":130,"minecraft:honeycomb":9,"mcwroofs:spruce_lower_roof":62,"minecraft:warped_wart_block":236,"minecraft:dropper":2,"minecraft:stripped_spruce_log":162,"minecraft:ink_sac":4,"minecraft:loom":1,"minecraft:dark_oak_log":298,"minecraft:barrel":14,"minecraft:iron_hoe":6,"minecraft:snout_armor_trim_smithing_template":3,"minecraft:deepslate":1216,"minecraft:granite":43,"minecraft:bread":82,"minecraft:dark_oak_fence":3,"minecraft:bricks":67,"minecraft:ominous_trial_key":4,"minecraft:diamond_pickaxe":12,"minecraft:crafting_table":13,"minecraft:coarse_dirt":56,"minecraft:ominous_bottle":4,"minecraft:nether_wart":46,"minecraft:clay_ball":1302,"minecraft:golden_pickaxe":1,"mcwbridges:spruce_log_bridge_stair":34,"minecraft:music_disc_creator":2,"minecraft:wind_charge":48,"minecraft:cornflower":5,"minecraft:flow_banner_pattern":2,"minecraft:flint_and_steel":3,"minecraft:netherite_scrap":4,"minecraft:white_carpet":2,"minecraft:iron_shovel":7,"minecraft:glass_pane":42,"minecraft:cracked_stone_bricks":1,"sawmill:sawmill":8,"minecraft:chiseled_tuff":2,"mcwroofs:roofing_hammer":1,"minecraft:iron_nugget":98,"minecraft:poppy":7,"minecraft:spruce_slab":80,"minecraft:chest":51,"minecraft:birch_sapling":3,"minecraft:waxed_oxidized_copper":17,"minecraft:egg":84,"minecraft:stone":3,"minecraft:oak_door":1,"minecraft:spruce_fence":46,"minecraft:fire_charge":32,"minecraft:flow_pottery_sherd":1,"mcwroofs:spruce_attic_roof":8,"minecraft:carrot":3958,"minecraft:redstone":973,"toms_storage:inventory_cable_framed":33,"minecraft:stone_shovel":3,"minecraft:diamond_chestplate":5,"minecraft:decorated_pot":16,"minecraft:beetroot_seeds":142,"minecraft:deepslate_bricks":1152,"minecraft:shears":2,"minecraft:diamond_boots":3,"minecraft:hay_block":63,"mcwwindows:spruce_shutter":1,"minecraft:gold_ingot":78,"mcwroofs:spruce_steep_roof":66,"minecraft:tuff_bricks":39,"minecraft:glow_berries":21,"minecraft:mutton":56,"minecraft:white_wool":43,"minecraft:bone_block":150,"minecraft:rail":87,"minecraft:oxeye_daisy":139,"minecraft:red_mushroom":42,"minecraft:oak_log":318,"minecraft:ancient_debris":98,"minecraft:golden_boots":1,"minecraft:paper":1,"minecraft:white_banner":2,"mcwwindows:red_curtain":1,"minecraft:apple":15,"minecraft:stone_bricks":140,"minecraft:kelp":299,"minecraft:warped_stem":100,"minecraft:spore_blossom":1,"minecraft:oak_fence_gate":1,"minecraft:stone_pickaxe":5,"mcwroofs:spruce_planks_steep_roof":6,"minecraft:iron_sword":12,"mcwroofs:spruce_upper_lower_roof":65,"minecraft:flowering_azalea":1,"minecraft:dark_oak_stairs":22,"minecraft:smooth_basalt":23,"minecraft:sweet_berries":30,"minecraft:red_wool":4,"minecraft:spyglass":2,"minecraft:gravel":1038,"toms_storage:inventory_cable_connector_framed":4,"minecraft:spruce_sapling":440,"mcwbridges:spruce_rope_bridge_stair":4,"minecraft:spruce_log":3367,"minecraft:crying_obsidian":41,"minecraft:polished_tuff":9,"minecraft:firework_rocket":4,"minecraft:slime_ball":185,"mcwwindows:spruce_louvered_shutter":7,"minecraft:diamond_axe":6,"minecraft:warped_roots":21,"minecraft:gray_wool":2,"minecraft:baked_potato":219,"minecraft:melon_seeds":1,"minecraft:warped_nylium":2,"minecraft:hopper":13,"minecraft:ender_pearl":36,"toms_storage:storage_terminal":1,"minecraft:wheat":297,"minecraft:potion":4,"minecraft:gilded_blackstone":15,"minecraft:nether_brick":52,"minecraft:stone_brick_stairs":57,"minecraft:waxed_cut_copper_slab":1,"minecraft:raw_copper":272,"minecraft:smooth_stone_slab":5,"minecraft:iron_leggings":9,"toms_storage:inventory_cable":7,"toms_storage:inventory_cable_connector":4,"minecraft:sea_pickle":2,"minecraft:bucket":6,"mcwroofs:red_striped_awning":11,"minecraft:redstone_torch":1,"minecraft:calcite":20,"minecraft:azalea":3,"minecraft:iron_pickaxe":10,"minecraft:iron_boots":8,"minecraft:furnace":4,"minecraft:tipped_arrow":13,"minecraft:stick":626,"minecraft:deepslate_brick_wall":26,"minecraft:oak_fence":2,"minecraft:torch":705,"minecraft:spruce_stairs":66,"minecraft:porkchop":190,"minecraft:pointed_dripstone":15,"minecraft:diorite":88,"toms_storage:inventory_connector":1,"toms_storage:trim":20,"minecraft:cactus":3,"minecraft:rotten_flesh":235,"minecraft:deepslate_brick_stairs":12,"minecraft:obsidian":60,"minecraft:cod":2,"minecraft:cobblestone":990,"minecraft:nautilus_shell":1,"minecraft:enchanting_table":1,"minecraft:pink_petals":44,"minecraft:leather_chestplate":1,"minecraft:magma_cream":8,"minecraft:andesite":57,"minecraft:black_bed":4,"minecraft:potato":4286,"minecraft:tuff":158,"minecraft:light_gray_dye":124,"minecraft:lapis_lazuli":461,"minecraft:dirt":1127,"minecraft:glass":60,"minecraft:bone":182,"mcwdoors:birch_barn_door":2,"minecraft:bow":13,"minecraft:wheat_seeds":997,"minecraft:small_dripleaf":2,"minecraft:raw_gold":114,"minecraft:bell":1,"minecraft:grindstone":1,"toms_storage:basic_inventory_hopper":10,"minecraft:scrape_pottery_sherd":2,"minecraft:oak_planks":34,"minecraft:cooked_porkchop":42,"minecraft:axolotl_bucket":1,"minecraft:poisonous_potato":15,"minecraft:waxed_chiseled_copper":2,"minecraft:sand":84,"minecraft:nether_brick_stairs":1,"minecraft:grass_block":195,"minecraft:spectral_arrow":122,"minecraft:mossy_cobblestone":55,"mcwwindows:spruce_plank_parapet":1,"minecraft:spruce_fence_gate":19,"mcwpaths:spruce_planks_path":54,"minecraft:clay":1,"minecraft:diamond":168,"minecraft:spruce_boat":6,"minecraft:cracked_polished_blackstone_bricks":20,"mcwroofs:spruce_roof":63,"minecraft:breeze_rod":12,"minecraft:bone_meal":10,"minecraft:golden_apple":6,"minecraft:emerald":134,"minecraft:piglin_banner_pattern":2,"minecraft:oak_sapling":147,"minecraft:netherrack":2676,"minecraft:oak_leaves":135,"mcwroofs:spruce_top_roof":10,"minecraft:charcoal":8,"minecraft:allium":13,"minecraft:azure_bluet":2,"minecraft:splash_potion":4,"minecraft:chicken":5,"minecraft:brown_mushroom":11,"minecraft:wooden_pickaxe":1,"minecraft:pink_wool":6,"minecraft:gold_block":6,"minecraft:chain":29,"minecraft:brick":47,"minecraft:shield":8,"minecraft:oak_trapdoor":4,"minecraft:moss_carpet":38,"minecraft:iron_axe":12,"minecraft:birch_fence":2,"minecraft:blackstone":799,"minecraft:candle":28,"minecraft:light_gray_wool":12,"minecraft:lectern":2,"minecraft:sugar_cane":234,"minecraft:spruce_trapdoor":62,"minecraft:dark_oak_sapling":6,"minecraft:raw_iron":413,"minecraft:bamboo_hanging_sign":4,"mcwwindows:spruce_curtain_rod":5,"minecraft:copper_ingot":2,"minecraft:polished_blackstone_bricks":29,"minecraft:stone_button":1,"minecraft:trident":1,"minecraft:dark_oak_planks":10,"xp_storage:crystallized_lapis":1,"minecraft:arrow":510,"minecraft:nether_bricks":62,"minecraft:saddle":1,"minecraft:brick_stairs":3,"minecraft:basalt":10,"toms_storage:item_filter":5,"minecraft:golden_carrot":10,"minecraft:glow_ink_sac":12,"minecraft:salmon":6,"minecraft:leather":263,"mcwbridges:spruce_bridge_pier":38,"minecraft:crimson_fungus":1,"minecraft:waxed_copper_block":8,"minecraft:gunpowder":28,"minecraft:cobblestone_stairs":12,"minecraft:cooked_mutton":65,"minecraft:rabbit_hide":4,"minecraft:iron_ingot":30,"minecraft:cooked_chicken":8,"mcwdoors:spruce_barn_door":8,"minecraft:soul_sand":99,"minecraft:book":128,"minecraft:scaffolding":3,"minecraft:warped_fungus":3,"minecraft:emerald_block":1,"minecraft:pumpkin":12,"minecraft:stone_brick_slab":4,"minecraft:quartz":605,"minecraft:dripstone_block":9,"minecraft:lava_bucket":2,"xp_storage:xp_book":1,"minecraft:amethyst_shard":27,"minecraft:red_banner":10,"minecraft:blast_furnace":1,"minecraft:white_bed":8,"minecraft:spruce_door":5,"minecraft:spider_eye":51,"minecraft:pumpkin_seeds":9,"minecraft:iron_helmet":10,"minecraft:cherry_sapling":21,"minecraft:coal":4001,"minecraft:chiseled_tuff_bricks":2},"minecraft:mined":{"mcwwindows:red_curtain":1,"minecraft:white_bed":6,"minecraft:cherry_log":1,"minecraft:obsidian":18,"minecraft:granite":21,"minecraft:coal_block":8,"minecraft:deepslate_tile_stairs":2,"minecraft:crimson_fungus":1,"minecraft:hopper":15,"minecraft:oxeye_daisy":116,"minecraft:nether_wart":10,"minecraft:polished_blackstone_bricks":3,"minecraft:tall_seagrass":10,"minecraft:magma_block":24,"minecraft:dark_oak_trapdoor":4,"minecraft:barrel":10,"minecraft:cobbled_deepslate":5,"minecraft:fire":74,"minecraft:moss_carpet":8,"minecraft:enchanting_table":1,"minecraft:cave_vines":4,"minecraft:dirt_path":11,"minecraft:spruce_pressure_plate":2,"toms_storage:inventory_connector":2,"minecraft:brown_mushroom":9,"minecraft:kelp_plant":6,"minecraft:smoker":4,"minecraft:amethyst_cluster":6,"mcwbridges:spruce_bridge_pier":26,"minecraft:torch":57,"minecraft:blast_furnace":1,"minecraft:glass":1,"minecraft:sugar_cane":111,"minecraft:bricks":3,"minecraft:amethyst_block":66,"minecraft:birch_sapling":1,"mcwroofs:spruce_planks_steep_roof":6,"minecraft:wheat":335,"minecraft:waxed_copper_block":7,"minecraft:warped_fungus":2,"minecraft:black_bed":3,"minecraft:stone_brick_stairs":9,"minecraft:dark_oak_sapling":4,"minecraft:loom":1,"minecraft:smooth_basalt":3,"minecraft:red_mushroom_block":39,"minecraft:stonecutter":1,"minecraft:deepslate":3358,"toms_storage:inventory_cable":7,"minecraft:mossy_cobblestone":41,"minecraft:cherry_sapling":2,"minecraft:nether_bricks":17,"minecraft:dark_oak_fence":3,"minecraft:allium":13,"minecraft:spruce_fence":32,"minecraft:kelp":25,"minecraft:moss_block":72,"minecraft:red_mushroom":4,"mcwwindows:spruce_louvered_shutter":7,"toms_storage:basic_inventory_hopper":9,"minecraft:waxed_copper_grate":16,"minecraft:andesite":62,"mcwdoors:spruce_barn_door":6,"minecraft:chiseled_tuff":3,"minecraft:potatoes":644,"minecraft:rail":66,"minecraft:warped_stem":15,"minecraft:bone_block":60,"minecraft:glass_pane":2,"minecraft:soul_sand":1,"minecraft:cornflower":5,"minecraft:short_grass":281,"minecraft:dropper":2,"minecraft:warped_roots":5,"minecraft:campfire":2,"minecraft:lightning_rod":1,"minecraft:copper_ore":3,"minecraft:tall_grass":52,"minecraft:deepslate_gold_ore":3,"minecraft:diorite":84,"minecraft:warped_wart_block":16,"minecraft:coarse_dirt":63,"additional_lights:fire_for_standing_torch_s":2,"minecraft:white_carpet":2,"minecraft:spruce_log":171,"minecraft:red_wall_banner":5,"minecraft:gravel":887,"minecraft:dripstone_block":8,"minecraft:cobweb":58,"mcwpaths:spruce_planks_path":21,"toms_storage:storage_terminal":1,"minecraft:spruce_fence_gate":3,"minecraft:stone_bricks":10,"minecraft:fern":6,"minecraft:waxed_cut_copper_slab":1,"minecraft:large_amethyst_bud":2,"mcwwindows:spruce_plank_parapet":1,"minecraft:spruce_planks":276,"minecraft:oak_sapling":7,"minecraft:farmland":1,"mcwroofs:red_striped_awning":12,"minecraft:spruce_trapdoor":28,"minecraft:cave_vines_plant":1,"minecraft:budding_amethyst":9,"mcwbridges:spruce_rope_bridge_stair":4,"minecraft:grass_block":385,"mcwroofs:spruce_steep_roof":14,"minecraft:tuff_bricks":25,"minecraft:gilded_blackstone":2,"minecraft:glowstone":28,"minecraft:polished_tuff":9,"mcwroofs:spruce_top_roof":8,"minecraft:azure_bluet":2,"minecraft:dark_oak_stairs":3,"minecraft:pointed_dripstone":6,"minecraft:azalea":2,"mcwroofs:spruce_lower_roof":11,"minecraft:spruce_slab":11,"minecraft:deepslate_redstone_ore":9,"toms_storage:inventory_cable_connector":4,"minecraft:blackstone":270,"toms_storage:trim":20,"mcwroofs:spruce_upper_lower_roof":27,"minecraft:medium_amethyst_bud":1,"minecraft:clay":316,"mcwbridges:spruce_log_bridge_stair":13,"minecraft:calcite":24,"minecraft:poppy":7,"minecraft:chest":44,"minecraft:mushroom_stem":1,"minecraft:nether_quartz_ore":8,"minecraft:cobblestone":205,"minecraft:grindstone":1,"minecraft:oak_planks":7,"minecraft:waxed_chiseled_copper":2,"minecraft:wall_torch":37,"minecraft:pink_petals":15,"minecraft:seagrass":6,"minecraft:warped_nylium":3,"minecraft:dark_oak_door":1,"minecraft:smooth_stone_slab":5,"minecraft:oak_log":35,"minecraft:beetroots":41,"minecraft:waxed_oxidized_copper":18,"minecraft:sand":45,"minecraft:dirt":267,"mcwroofs:spruce_roof":8,"minecraft:netherrack":8166,"minecraft:oak_leaves":242,"minecraft:crying_obsidian":1,"minecraft:tuff":160,"minecraft:glow_lichen":2,"sawmill:sawmill":9,"minecraft:decorated_pot":22,"minecraft:brick_stairs":3,"minecraft:spruce_leaves":118,"minecraft:large_fern":3,"minecraft:hay_block":63,"minecraft:oak_trapdoor":4,"minecraft:spruce_sapling":61,"minecraft:furnace":4,"minecraft:carrots":537,"minecraft:nether_sprouts":2,"minecraft:stripped_spruce_log":150,"mcwtrpdoors:spruce_ranch_trapdoor":2,"minecraft:gold_block":4,"minecraft:bell":1,"minecraft:bookshelf":35,"minecraft:shroomlight":3,"minecraft:packed_ice":1,"toms_storage:inventory_cable_framed":35,"minecraft:stone":580,"minecraft:podzol":45,"minecraft:flowering_azalea":1,"mcwwindows:spruce_shutter":1,"minecraft:spruce_door":2,"minecraft:oak_fence":2,"minecraft:crafting_table":8,"minecraft:lectern":1,"minecraft:stone_slab":47,"minecraft:spruce_stairs":26,"minecraft:cactus":1,"minecraft:beehive":2,"minecraft:sweet_berry_bush":6,"mcwwindows:spruce_curtain_rod":5,"mcwroofs:spruce_attic_roof":4,"toms_storage:inventory_cable_connector_framed":4,"minecraft:coal_ore":6,"minecraft:small_dripleaf":8,"minecraft:birch_fence":2}},"DataVersion":3953}