{"stats":{"minecraft:broken":{"minecraft:iron_shovel":4,"minecraft:stone_pickaxe":12,"minecraft:stone_shovel":1,"minecraft:shield":1,"minecraft:iron_axe":4,"minecraft:iron_pickaxe":12},"minecraft:custom":{"minecraft:animals_bred":32,"minecraft:interact_with_crafting_table":238,"minecraft:open_barrel":9,"minecraft:leave_game":62,"minecraft:time_since_death":516301,"minecraft:sprint_one_cm":2492728,"minecraft:damage_blocked_by_shield":8281,"minecraft:drop":111,"minecraft:talked_to_villager":12,"minecraft:play_time":1241071,"minecraft:deaths":5,"minecraft:jump":12596,"minecraft:interact_with_brewingstand":1,"minecraft:walk_on_water_one_cm":196784,"minecraft:enchant_item":6,"minecraft:interact_with_furnace":297,"minecraft:interact_with_loom":1,"minecraft:sleep_in_bed":100,"minecraft:damage_dealt":29664,"minecraft:crouch_one_cm":249459,"minecraft:use_cauldron":4,"minecraft:interact_with_anvil":1,"minecraft:mob_kills":165,"minecraft:inspect_hopper":2,"minecraft:climb_one_cm":5371,"minecraft:walk_one_cm":4273434,"minecraft:sneak_time":100470,"minecraft:walk_under_water_one_cm":141489,"minecraft:boat_one_cm":785,"minecraft:total_world_time":1241071,"minecraft:pot_flower":9,"minecraft:interact_with_stonecutter":19,"minecraft:time_since_rest":8185,"minecraft:damage_taken":8442,"minecraft:damage_absorbed":80,"minecraft:swim_one_cm":179968,"minecraft:fly_one_cm":1196189,"minecraft:open_chest":744,"minecraft:fall_one_cm":236749},"minecraft:crafted":{"mcwbridges:bridge_lantern":2,"minecraft:brick":1890,"minecraft:black_dye":1,"minecraft:barrel":9,"minecraft:chain":11,"minecraft:brick_wall":6,"minecraft:stone":362,"minecraft:lever":2,"minecraft:bookshelf":19,"minecraft:cooked_mutton":5,"minecraft:dark_oak_door":3,"minecraft:glass":337,"minecraft:stone_brick_slab":18,"minecraft:iron_boots":1,"minecraft:chest":22,"minecraft:bricks":462,"minecraft:stone_hoe":1,"minecraft:stone_bricks":10,"minecraft:flower_pot":13,"minecraft:cauldron":1,"minecraft:crafting_table":3,"minecraft:spruce_planks":614,"minecraft:iron_helmet":2,"minecraft:baked_potato":25,"minecraft:copper_door":2,"minecraft:copper_ingot":57,"additional_lights:fire_pit_l_stone_bricks":9,"minecraft:hay_block":13,"minecraft:brewing_stand":1,"minecraft:stone_brick_stairs":44,"minecraft:dark_oak_slab":873,"minecraft:iron_chestplate":1,"minecraft:book":36,"minecraft:diamond_pickaxe":1,"minecraft:paper":192,"minecraft:charcoal":185,"minecraft:shield":4,"minecraft:stick":252,"minecraft:iron_ingot":337,"minecraft:iron_pickaxe":16,"minecraft:iron_block":3,"minecraft:gold_ingot":70,"minecraft:black_bed":1,"minecraft:dark_oak_fence_gate":1,"minecraft:redstone":54,"minecraft:stone_shovel":3,"minecraft:iron_nugget":262,"minecraft:furnace":7,"minecraft:piston":6,"minecraft:dark_oak_trapdoor":103,"minecraft:jack_o_lantern":4,"minecraft:dark_oak_sign":15,"minecraft:bone_meal":54,"minecraft:glass_pane":16,"minecraft:lantern":31,"minecraft:spruce_stairs":4,"minecraft:dark_oak_fence":90,"minecraft:iron_axe":7,"minecraft:iron_hoe":1,"minecraft:spruce_slab":18,"minecraft:stone_pickaxe":17,"minecraft:redstone_block":11,"minecraft:dark_oak_planks":1448,"minecraft:wheat":171,"minecraft:cooked_beef":64,"minecraft:dark_oak_stairs":176,"minecraft:spruce_sign":5,"minecraft:enchanting_table":1,"minecraft:iron_sword":2,"minecraft:bucket":5,"minecraft:stone_axe":1,"minecraft:bread":208,"minecraft:air":0,"minecraft:iron_shovel":5,"minecraft:iron_leggings":1,"minecraft:stonecutter":1,"minecraft:anvil":1,"minecraft:white_bed":1,"minecraft:torch":666,"minecraft:lapis_lazuli":27,"minecraft:lapis_block":11},"minecraft:used":{"minecraft:moss_block":29,"minecraft:moss_carpet":2,"minecraft:cherry_sapling":1,"minecraft:jack_o_lantern":7,"minecraft:iron_shovel":1323,"minecraft:shield":155,"minecraft:chest":25,"minecraft:stone":59,"minecraft:iron_sword":344,"minecraft:carrot":1,"minecraft:stripped_spruce_log":1,"minecraft:spruce_boat":2,"minecraft:glass":317,"minecraft:lava_bucket":6,"minecraft:bricks":568,"minecraft:lantern":35,"minecraft:dark_oak_slab":372,"minecraft:mossy_cobblestone_slab":1,"minecraft:cherry_leaves":14,"minecraft:stone_brick_stairs":67,"minecraft:stone_bricks":182,"minecraft:hay_block":7,"minecraft:furnace":11,"minecraft:egg":1,"minecraft:potato":78,"minecraft:dark_oak_sapling":1,"minecraft:dark_oak_stairs":134,"minecraft:diorite":34,"minecraft:brick_wall":19,"minecraft:copper_door":3,"minecraft:stone_pickaxe":1394,"minecraft:dark_oak_sign":7,"minecraft:oak_planks":4,"minecraft:sugar_cane":5,"minecraft:golden_apple":2,"minecraft:glow_berries":5,"minecraft:dark_oak_trapdoor":60,"minecraft:black_bed":63,"minecraft:shears":29,"minecraft:pumpkin_seeds":3,"minecraft:lever":2,"minecraft:dark_oak_log":69,"minecraft:bread":189,"minecraft:spore_blossom":3,"minecraft:polished_granite":1,"minecraft:gravel":25,"additional_lights:fire_pit_l_stone_bricks":9,"minecraft:dark_oak_fence":85,"minecraft:andesite":7,"minecraft:chain":34,"minecraft:chest_minecart":1,"minecraft:coarse_dirt":3,"mcwbridges:bridge_lantern":10,"minecraft:bone_meal":31,"minecraft:enchanting_table":1,"minecraft:stone_shovel":309,"minecraft:redstone":23,"minecraft:spruce_planks":266,"minecraft:stone_hoe":95,"minecraft:torch":676,"minecraft:spyglass":1,"minecraft:brewing_stand":2,"minecraft:anvil":1,"minecraft:dirt":370,"minecraft:spruce_stairs":15,"minecraft:granite":19,"minecraft:iron_hoe":159,"minecraft:stone_brick_slab":34,"minecraft:dark_oak_planks":157,"minecraft:flowering_azalea":4,"minecraft:bookshelf":19,"minecraft:iron_axe":598,"minecraft:barrel":10,"minecraft:minecart":4,"minecraft:oxidized_copper_door":1,"minecraft:pumpkin":4,"minecraft:cobbled_deepslate":145,"minecraft:cherry_log":1,"minecraft:pointed_dripstone":1,"minecraft:wheat_seeds":557,"minecraft:cooked_mutton":5,"minecraft:water_bucket":14,"minecraft:amethyst_block":26,"minecraft:polished_andesite":1,"minecraft:brown_mushroom":1,"minecraft:spruce_sign":8,"minecraft:cauldron":1,"minecraft:stonecutter":2,"minecraft:rail":31,"minecraft:crafting_table":6,"minecraft:red_mushroom":2,"minecraft:white_bed":8,"minecraft:dark_oak_fence_gate":2,"minecraft:spruce_log":59,"minecraft:dark_oak_door":3,"minecraft:piston":11,"minecraft:flower_pot":17,"minecraft:diamond_pickaxe":102,"minecraft:oxeye_daisy":1,"minecraft:iron_pickaxe":2373,"minecraft:stone_axe":102,"minecraft:cobblestone":960,"minecraft:bucket":20,"minecraft:glass_pane":8},"minecraft:dropped":{"minecraft:iron_sword":1,"minecraft:piston":18,"minecraft:brown_mushroom":9,"minecraft:ender_pearl":1,"minecraft:chest_minecart":1,"minecraft:rail":35,"minecraft:flint":4,"minecraft:dirt":9,"minecraft:sand":41,"minecraft:iron_pickaxe":2,"minecraft:bone":15,"minecraft:gravel":9,"minecraft:cherry_sapling":6,"minecraft:rotten_flesh":64,"minecraft:melon_seeds":2,"minecraft:leather_boots":1,"minecraft:arrow":11,"minecraft:stone_hoe":1,"minecraft:wheat_seeds":694,"minecraft:golden_helmet":1,"minecraft:minecart":2,"minecraft:cobblestone":2,"minecraft:granite":200,"minecraft:coal":32,"minecraft:diorite":3,"minecraft:iron_axe":2,"minecraft:iron_shovel":1,"minecraft:string":4,"minecraft:spruce_sapling":21,"minecraft:stone_shovel":2,"minecraft:clay_ball":16,"minecraft:name_tag":1,"minecraft:shield":2,"minecraft:andesite":4,"minecraft:golden_leggings":1,"minecraft:spider_eye":1,"minecraft:stone_pickaxe":9},"minecraft:killed_by":{"minecraft:zombie_villager":4},"minecraft:killed":{"minecraft:cave_spider":2,"minecraft:spider":11,"minecraft:skeleton":23,"minecraft:zombie_villager":5,"minecraft:creeper":13,"minecraft:sheep":4,"minecraft:zombie":68,"minecraft:cow":34,"minecraft:bat":1,"minecraft:enderman":1},"minecraft:picked_up":{"minecraft:iron_chestplate":3,"minecraft:wheat":493,"minecraft:flower_pot":4,"minecraft:lead":2,"minecraft:stone_brick_stairs":25,"minecraft:brewing_stand":1,"minecraft:amethyst_block":1,"minecraft:string":7,"minecraft:dark_oak_trapdoor":20,"minecraft:raw_copper":91,"minecraft:iron_leggings":2,"minecraft:cobbled_deepslate":165,"minecraft:spruce_planks":265,"minecraft:iron_pickaxe":5,"minecraft:furnace":4,"minecraft:iron_boots":2,"minecraft:golden_helmet":1,"minecraft:stick":109,"minecraft:oak_fence":1,"minecraft:torch":47,"minecraft:brick_wall":2,"minecraft:spruce_stairs":7,"minecraft:cherry_log":126,"minecraft:pointed_dripstone":4,"minecraft:diorite":77,"minecraft:copper_door":2,"minecraft:rotten_flesh":64,"minecraft:carved_pumpkin":4,"minecraft:obsidian":4,"minecraft:cobblestone":2605,"minecraft:mossy_cobblestone_slab":1,"minecraft:water_bucket":1,"minecraft:cherry_leaves":22,"minecraft:andesite":11,"minecraft:black_bed":65,"minecraft:golden_leggings":1,"minecraft:potato":94,"minecraft:flint":4,"minecraft:lantern":9,"minecraft:lapis_lazuli":139,"minecraft:oxidized_copper_door":2,"minecraft:dirt":879,"minecraft:polished_granite":1,"minecraft:name_tag":1,"minecraft:leather_boots":1,"minecraft:bone":23,"minecraft:stonecutter":1,"minecraft:wheat_seeds":1399,"minecraft:raw_gold":114,"minecraft:dark_oak_sign":1,"minecraft:moss_block":29,"minecraft:oak_planks":40,"minecraft:poisonous_potato":2,"minecraft:sand":324,"minecraft:stripped_spruce_log":9,"minecraft:ink_sac":3,"minecraft:dark_oak_log":381,"minecraft:barrel":1,"minecraft:polished_andesite":1,"minecraft:diamond":66,"minecraft:spruce_boat":2,"minecraft:lever":1,"minecraft:granite":339,"minecraft:golden_apple":4,"minecraft:emerald":33,"minecraft:spruce_sign":3,"minecraft:bread":86,"minecraft:jack_o_lantern":6,"minecraft:dark_oak_fence":15,"minecraft:bricks":134,"minecraft:coarse_dirt":3,"minecraft:crafting_table":3,"minecraft:clay_ball":1808,"minecraft:chest_minecart":2,"minecraft:brown_mushroom":10,"minecraft:chain":47,"minecraft:brick":8,"minecraft:shield":3,"minecraft:moss_carpet":2,"minecraft:iron_axe":1,"minecraft:candle":6,"minecraft:beef":65,"minecraft:poppy":1,"minecraft:minecart":7,"minecraft:sugar_cane":417,"minecraft:chest":3,"minecraft:piston":24,"minecraft:spruce_trapdoor":1,"minecraft:egg":1,"minecraft:dark_oak_sapling":15,"minecraft:raw_iron":493,"minecraft:carrot":1,"minecraft:redstone":99,"minecraft:dark_oak_planks":23,"minecraft:arrow":20,"minecraft:hay_block":51,"minecraft:pink_tulip":2,"minecraft:gold_ingot":6,"minecraft:glow_berries":30,"minecraft:mutton":5,"minecraft:white_wool":4,"minecraft:rail":185,"minecraft:oxeye_daisy":2,"minecraft:leather":33,"minecraft:red_mushroom":3,"minecraft:filled_map":1,"minecraft:gunpowder":5,"minecraft:apple":2,"minecraft:stone_bricks":12,"minecraft:spore_blossom":3,"minecraft:stone_pickaxe":4,"minecraft:flowering_azalea":4,"minecraft:iron_sword":2,"minecraft:dark_oak_stairs":17,"minecraft:book":9,"minecraft:dark_oak_slab":27,"minecraft:pumpkin":12,"minecraft:stone_brick_slab":9,"minecraft:spyglass":3,"minecraft:gravel":38,"mcwbridges:bridge_lantern":10,"minecraft:spruce_sapling":47,"minecraft:white_bed":8,"minecraft:spruce_log":269,"minecraft:dark_oak_fence_gate":1,"minecraft:spider_eye":5,"minecraft:pumpkin_seeds":16,"minecraft:iron_helmet":3,"minecraft:cherry_sapling":83,"minecraft:baked_potato":50,"minecraft:melon_seeds":5,"minecraft:coal":1267,"minecraft:ender_pearl":1},"minecraft:mined":{"minecraft:spruce_planks":266,"minecraft:white_bed":8,"minecraft:farmland":46,"minecraft:cherry_log":1,"minecraft:brewing_stand":1,"minecraft:carved_pumpkin":4,"minecraft:obsidian":4,"minecraft:spruce_trapdoor":1,"minecraft:cave_vines_plant":4,"minecraft:granite":340,"minecraft:grass_block":417,"minecraft:oxeye_daisy":1,"minecraft:spawner":1,"minecraft:tall_seagrass":8,"minecraft:mossy_cobblestone_slab":1,"minecraft:dark_oak_trapdoor":20,"minecraft:iron_ore":2,"minecraft:cobbled_deepslate":19,"minecraft:barrel":1,"minecraft:moss_carpet":2,"minecraft:dark_oak_stairs":17,"minecraft:pointed_dripstone":4,"minecraft:cave_vines":8,"minecraft:dirt_path":3,"minecraft:pink_tulip":2,"minecraft:brown_mushroom":3,"minecraft:clay":466,"minecraft:torch":9,"minecraft:poppy":1,"minecraft:chest":3,"minecraft:spruce_wall_sign":3,"minecraft:glass":1,"minecraft:cobblestone":316,"minecraft:sugar_cane":210,"minecraft:oak_planks":39,"minecraft:bricks":134,"minecraft:wall_torch":18,"minecraft:amethyst_block":1,"minecraft:seagrass":10,"minecraft:chain":29,"minecraft:dark_oak_slab":26,"minecraft:wheat":506,"minecraft:black_bed":63,"minecraft:stone_brick_stairs":25,"minecraft:cracked_deepslate_tiles":1,"minecraft:sand":329,"minecraft:dirt":416,"minecraft:stonecutter":1,"minecraft:piston":7,"minecraft:deepslate":112,"minecraft:candle":2,"minecraft:cherry_sapling":10,"minecraft:dark_oak_log":5,"minecraft:jack_o_lantern":6,"minecraft:glow_lichen":1,"minecraft:lever":1,"minecraft:dark_oak_fence":16,"minecraft:decorated_pot":2,"minecraft:redstone_wire":8,"minecraft:spruce_leaves":17,"minecraft:red_mushroom":3,"minecraft:moss_block":30,"minecraft:hay_block":53,"minecraft:spore_blossom":2,"minecraft:spruce_sapling":2,"minecraft:furnace":4,"minecraft:dark_oak_fence_gate":1,"minecraft:andesite":11,"minecraft:stripped_spruce_log":9,"minecraft:bookshelf":3,"minecraft:potatoes":25,"minecraft:vine":2,"minecraft:rail":149,"minecraft:lantern":7,"minecraft:stone":2251,"minecraft:podzol":4,"minecraft:flowering_azalea":4,"minecraft:glass_pane":4,"minecraft:brick_wall":2,"minecraft:stone_brick_slab":10,"minecraft:copper_door":2,"minecraft:polished_granite":1,"minecraft:oak_fence":1,"minecraft:crafting_table":3,"minecraft:short_grass":67,"minecraft:emerald_ore":4,"minecraft:oxidized_copper_door":2,"minecraft:copper_ore":13,"mcwbridges:bridge_lantern":10,"minecraft:diorite":77,"minecraft:spruce_stairs":7,"minecraft:coarse_dirt":4,"minecraft:dark_oak_wall_sign":2,"minecraft:sweet_berry_bush":1,"minecraft:spruce_log":21,"minecraft:coal_ore":8,"minecraft:cherry_leaves":25,"minecraft:gravel":35,"minecraft:flower_pot":4,"minecraft:stone_bricks":12,"minecraft:polished_andesite":1,"minecraft:fern":3,"minecraft:dark_oak_planks":24}},"DataVersion":3953}